OrderID,Date,CustomerID,Quantity,UnitPrice,ShippingAddress,TrackingNumber,ItemsInCart,TotalPrice,HasCoupon,Order_Month,Log_TotalPrice,Product_Chair,Product_Desk,Product_Laptop,Product_Monitor,Product_Phone,Product_Printer,Product_Tablet,PaymentMethod_Cash,PaymentMethod_Credit Card,PaymentMethod_Debit Card,PaymentMethod_Gift Card,PaymentMethod_Online,OrderStatus_Cancelled,OrderStatus_Delivered,OrderStatus_Pending,OrderStatus_Returned,OrderStatus_Shipped,CouponCode_FREESHIP,CouponCode_NO_COUPON,CouponCode_SAVE10,CouponCode_WINTER15,ReferralSource_Email,ReferralSource_Facebook,ReferralSource_Google,ReferralSource_Instagram,ReferralSource_Referral
ORD200000,2023-01-04,C72649,5,570.62,928 Main St,TRK37947903,7,2853.1,1,1,7.956511835965343,0,0,0,1,0,0,0,0,0,1,0,0,0,0,0,0,1,0,0,1,0,0,0,0,1,0
ORD200001,2024-08-23,C75739,2,151.35,823 Main St,TRK91186779,3,302.7,1,8,5.716040372051703,0,0,0,0,1,0,0,0,0,0,0,1,0,0,0,0,1,0,0,1,0,0,0,0,0,1
ORD200002,2024-02-27,C81728,5,550.68,512 Main St,TRK42903982,8,2753.4,1,2,7.920954912024314,0,0,0,0,0,0,1,0,1,0,0,0,1,0,0,0,0,1,0,0,0,1,0,0,0,0
ORD200003,2023-10-15,C33540,1,273.19,275 Main St,TRK62788070,5,273.19,1,10,5.613821296733053,1,0,0,0,0,0,0,0,0,1,0,0,0,0,0,1,0,0,0,1,0,0,1,0,0,0
ORD200004,2025-05-08,C81840,4,626.01,668 Main St,TRK29241424,8,2504.04,1,5,7.826059981455349,0,0,0,0,0,1,0,0,0,0,0,1,0,1,0,0,0,0,0,1,0,1,0,0,0,0
ORD200005,2023-10-23,C37249,2,245.86,934 Main St,TRK72976927,4,491.72,1,10,6.199941061378788,0,0,0,0,1,0,0,0,1,0,0,0,0,0,0,0,1,0,0,1,0,0,0,0,1,0
ORD200006,2025-06-17,C83492,1,664.42,986 Main St,TRK96417362,6,664.42,1,6,6.500418420241177,0,0,1,0,0,0,0,0,0,0,1,0,0,0,0,1,0,0,0,1,0,0,1,0,0,0
ORD200007,2023-05-12,C41460,5,149.55,706 Main St,TRK78809193,9,747.75,1,5,6.618405149429659,0,0,0,1,0,0,0,1,0,0,0,0,0,0,0,0,1,1,0,0,0,0,1,0,0,0
ORD200008,2025-04-02,C26817,2,134.28,904 Main St,TRK61042692,2,268.56,0,4,5.596791000078016,0,0,0,0,1,0,0,0,0,0,1,0,1,0,0,0,0,0,1,0,0,1,0,0,0,0
ORD200009,2023-11-21,C31946,4,509.38,102 Main St,TRK33478363,6,2037.52,1,11,7.619979333346818,0,1,0,0,0,0,0,0,1,0,0,0,0,0,0,0,1,0,0,1,0,0,0,1,0,0
ORD200010,2023-12-29,C43443,5,625.97,333 Main St,TRK98859248,9,3129.85,1,12,8.049059812162172,0,0,0,0,0,0,1,0,1,0,0,0,0,0,0,1,0,0,0,0,1,0,0,0,1,0
ORD200011,2024-02-17,C93861,3,49.14,831 Main St,TRK48234646,7,147.42,1,2,5.000046092541988,0,0,0,1,0,0,0,0,0,0,0,1,0,0,0,1,0,0,0,1,0,1,0,0,0,0
ORD200012,2024-10-15,C38785,2,180.5,179 Main St,TRK20419991,6,361.0,1,10,5.8916442118257715,0,0,0,1,0,0,0,0,0,1,0,0,0,0,1,0,0,1,0,0,0,0,0,0,0,1
ORD200013,2023-08-30,C88348,3,201.49,903 Main St,TRK81913874,4,604.47,1,8,6.406005015935819,0,0,1,0,0,0,0,0,1,0,0,0,0,0,0,1,0,1,0,0,0,0,1,0,0,0
ORD200014,2023-03-27,C98474,2,393.33,980 Main St,TRK79186539,3,786.66,1,3,6.669066524665798,0,0,0,0,0,0,1,0,0,1,0,0,0,0,1,0,0,0,0,1,0,0,0,0,1,0
ORD200015,2023-07-17,C39416,1,473.96,942 Main St,TRK54930938,3,473.96,0,7,6.16323058996242,0,0,0,0,0,1,0,1,0,0,0,0,0,1,0,0,0,0,1,0,0,0,0,1,0,0
ORD200016,2023-01-24,C28976,2,533.81,914 Main St,TRK13194259,3,1067.62,1,1,6.974123375425638,0,0,0,0,0,1,0,0,1,0,0,0,0,0,1,0,0,1,0,0,0,1,0,0,0,0
ORD200017,2024-03-02,C60672,1,423.4,382 Main St,TRK11972116,3,423.4,0,3,6.050676406739828,0,0,0,0,0,0,1,0,0,1,0,0,0,0,0,0,1,0,1,0,0,0,0,0,0,1
ORD200018,2025-03-26,C84329,1,431.44,891 Main St,TRK65191045,3,431.44,1,3,6.069443588424571,0,1,0,0,0,0,0,0,0,0,1,0,0,0,1,0,0,0,0,1,0,0,1,0,0,0
ORD200019,2023-01-23,C14552,5,224.0,273 Main St,TRK59101365,9,1120.0,1,1,7.02197642307216,0,0,0,1,0,0,0,1,0,0,0,0,0,0,0,1,0,0,0,1,0,0,0,1,0,0
ORD200020,2023-05-08,C54829,5,62.51,587 Main St,TRK16718651,9,312.55,1,5,5.74795883698903,1,0,0,0,0,0,0,1,0,0,0,0,0,0,1,0,0,0,0,0,1,0,0,0,1,0
ORD200021,2024-11-17,C99023,4,342.95,569 Main St,TRK52646983,6,1371.8,0,11,7.224607728733698,0,0,0,1,0,0,0,1,0,0,0,0,0,1,0,0,0,0,1,0,0,0,0,1,0,0
ORD200022,2023-01-29,C34416,2,49.62,633 Main St,TRK75937350,2,99.24,1,1,4.607567310587813,0,0,0,1,0,0,0,0,0,0,0,1,0,0,1,0,0,0,0,1,0,0,0,1,0,0
ORD200023,2025-04-09,C42372,4,273.25,755 Main St,TRK36168083,5,1093.0,1,4,6.9975959829819265,0,0,0,0,1,0,0,0,0,1,0,0,1,0,0,0,0,1,0,0,0,0,0,0,0,1
ORD200024,2024-10-30,C17470,2,230.95,956 Main St,TRK28775057,3,461.9,1,10,6.137511048037225,0,0,1,0,0,0,0,0,0,0,0,1,0,1,0,0,0,0,0,0,1,0,0,0,0,1
ORD200025,2024-07-24,C42577,1,399.98,709 Main St,TRK69423327,3,399.98,1,7,5.993911550751034,0,0,0,1,0,0,0,0,0,1,0,0,0,1,0,0,0,0,0,0,1,1,0,0,0,0
ORD200026,2024-03-06,C21944,5,59.55,296 Main St,TRK80276812,6,297.75,0,3,5.699607103245721,0,0,1,0,0,0,0,0,0,0,0,1,0,1,0,0,0,0,1,0,0,0,0,0,0,1
ORD200027,2024-02-22,C97593,1,472.74,881 Main St,TRK89117573,6,472.74,1,2,6.160658647994436,0,0,0,0,0,1,0,0,0,0,0,1,0,0,0,0,1,0,0,0,1,0,0,1,0,0
ORD200028,2023-11-21,C59823,4,160.07,568 Main St,TRK65895539,5,640.28,0,11,6.4634661790163905,0,0,0,0,1,0,0,0,0,0,0,1,0,0,1,0,0,0,1,0,0,1,0,0,0,0
ORD200029,2024-09-20,C33260,3,423.53,930 Main St,TRK59744090,6,1270.59,1,9,7.148023364897515,0,1,0,0,0,0,0,0,1,0,0,0,0,1,0,0,0,0,0,1,0,0,0,0,0,1
ORD200030,2025-03-22,C44267,2,426.7,895 Main St,TRK54751444,5,853.4,1,3,6.750399468205931,0,0,0,1,0,0,0,0,0,0,0,1,0,0,1,0,0,0,0,1,0,0,0,0,0,1
ORD200031,2023-06-30,C26445,3,500.08,996 Main St,TRK31229981,6,1500.24,0,6,7.314046712256271,1,0,0,0,0,0,0,0,0,1,0,0,0,0,0,1,0,0,1,0,0,0,1,0,0,0
ORD200032,2023-05-01,C12388,5,536.72,830 Main St,TRK99261395,10,2683.6,0,5,7.895287020053535,0,0,0,0,0,0,1,1,0,0,0,0,0,1,0,0,0,0,1,0,0,1,0,0,0,0
ORD200033,2023-06-05,C52184,1,162.77,912 Main St,TRK73312471,4,162.77,1,6,5.098463004461776,1,0,0,0,0,0,0,0,0,0,0,1,1,0,0,0,0,0,0,0,1,0,1,0,0,0
ORD200034,2023-01-07,C67195,4,576.52,926 Main St,TRK55467915,5,2306.08,1,1,7.743737934642305,1,0,0,0,0,0,0,0,1,0,0,0,0,0,1,0,0,0,0,0,1,0,1,0,0,0
ORD200035,2024-12-07,C50304,2,465.15,128 Main St,TRK46850888,2,930.3,1,12,6.836581459527612,0,0,0,1,0,0,0,0,0,0,0,1,0,0,0,0,1,0,0,1,0,0,1,0,0,0
ORD200036,2025-05-08,C59337,2,534.43,465 Main St,TRK50961250,5,1068.86,0,5,6.9752830777740105,0,0,1,0,0,0,0,0,0,1,0,0,0,0,1,0,0,0,1,0,0,0,1,0,0,0
ORD200037,2024-10-14,C10054,2,76.74,409 Main St,TRK94005261,7,153.48,1,10,5.040064638120259,0,0,1,0,0,0,0,1,0,0,0,0,0,0,0,1,0,0,0,1,0,0,0,0,1,0
ORD200038,2024-12-19,C15924,1,245.89,549 Main St,TRK14835975,3,245.89,1,12,5.508942893303274,0,0,1,0,0,0,0,0,0,1,0,0,0,1,0,0,0,0,0,1,0,0,0,1,0,0
ORD200039,2025-02-27,C96664,3,256.46,666 Main St,TRK85508960,4,769.3799999999999,1,2,6.646883899606956,0,0,0,0,0,1,0,0,1,0,0,0,0,1,0,0,0,0,0,1,0,0,0,0,0,1
ORD200040,2023-08-20,C84766,2,344.02,267 Main St,TRK78967923,4,688.04,1,8,6.535299324480918,0,1,0,0,0,0,0,0,0,0,0,1,0,1,0,0,0,1,0,0,0,0,0,0,1,0
ORD200041,2023-12-05,C20212,3,611.45,657 Main St,TRK69733327,4,1834.35,1,12,7.514990477995753,0,0,0,1,0,0,0,0,0,0,1,0,0,0,1,0,0,1,0,0,0,0,0,0,1,0
ORD200042,2024-05-06,C28712,2,151.66,980 Main St,TRK40772558,6,303.32,0,5,5.7180797793570255,0,0,0,0,0,1,0,1,0,0,0,0,1,0,0,0,0,0,1,0,0,0,0,0,1,0
ORD200043,2023-12-14,C60572,3,499.21,871 Main St,TRK20351666,8,1497.63,0,12,7.312306636413944,1,0,0,0,0,0,0,0,0,0,0,1,1,0,0,0,0,0,1,0,0,0,0,0,1,0
ORD200044,2025-04-21,C73225,2,550.18,996 Main St,TRK73848522,3,1100.36,1,4,7.004301058754687,0,0,0,0,1,0,0,0,0,0,1,0,0,0,0,1,0,1,0,0,0,0,0,0,0,1
ORD200045,2024-02-10,C17388,1,317.25,157 Main St,TRK47077395,1,317.25,1,2,5.762837237437516,1,0,0,0,0,0,0,0,0,1,0,0,0,0,0,1,0,0,0,1,0,0,1,0,0,0
ORD200046,2024-06-26,C43212,4,550.14,223 Main St,TRK25100762,4,2200.56,1,6,7.6969214789693225,0,0,0,1,0,0,0,0,0,1,0,0,0,0,1,0,0,1,0,0,0,0,0,0,1,0
ORD200047,2023-07-19,C38134,2,209.94,323 Main St,TRK42450754,3,419.88,1,7,6.042347757422552,0,1,0,0,0,0,0,0,1,0,0,0,0,0,0,1,0,1,0,0,0,1,0,0,0,0
ORD200048,2023-08-26,C12408,2,80.77,464 Main St,TRK38938858,4,161.54,0,8,5.090924125325059,0,0,0,1,0,0,0,0,0,1,0,0,0,0,0,0,1,0,1,0,0,0,0,1,0,0
ORD200049,2023-10-07,C11985,1,30.44,633 Main St,TRK53272402,1,30.44,1,10,3.448080967561006,0,0,0,0,0,1,0,0,1,0,0,0,0,0,0,0,1,0,0,1,0,1,0,0,0,0
ORD200050,2023-07-31,C96494,1,179.22,446 Main St,TRK14675049,6,179.22,1,7,5.194178326806891,0,0,0,0,0,0,1,0,0,0,0,1,1,0,0,0,0,1,0,0,0,0,0,0,1,0
ORD200051,2024-12-30,C36778,1,388.33,434 Main St,TRK67610289,2,388.33,1,12,5.964427313039576,0,0,0,0,0,0,1,1,0,0,0,0,0,0,0,1,0,0,0,1,0,0,1,0,0,0
ORD200052,2024-09-08,C30513,1,586.44,232 Main St,TRK64320429,5,586.44,1,9,6.375774113143355,0,0,0,0,0,0,1,0,0,0,0,1,0,0,0,1,0,0,0,1,0,0,1,0,0,0
ORD200053,2024-05-18,C67551,4,488.78,512 Main St,TRK94992552,5,1955.12,1,5,7.578718198406198,0,0,0,0,1,0,0,0,0,0,0,1,0,0,0,1,0,1,0,0,0,0,0,1,0,0
ORD200054,2025-03-27,C48120,1,280.25,623 Main St,TRK11014449,5,280.25,1,3,5.63924395351863,1,0,0,0,0,0,0,0,0,0,0,1,0,0,1,0,0,0,0,0,1,1,0,0,0,0
ORD200055,2025-06-24,C95984,3,344.4,565 Main St,TRK67434829,3,1033.2,0,6,6.941383459962121,0,0,0,0,0,1,0,0,0,0,0,1,1,0,0,0,0,0,1,0,0,0,1,0,0,0
ORD200056,2023-05-21,C54298,3,479.21,566 Main St,TRK62902341,5,1437.63,1,5,7.271446550823496,0,0,0,0,0,0,1,1,0,0,0,0,1,0,0,0,0,0,0,0,1,0,0,0,0,1
ORD200057,2023-01-22,C88036,5,314.27,842 Main St,TRK52470128,6,1571.35,1,1,7.360326594517573,0,0,0,0,0,1,0,1,0,0,0,0,0,0,0,1,0,0,0,1,0,0,0,0,1,0
ORD200058,2023-01-15,C60190,4,474.69,202 Main St,TRK70857868,6,1898.76,1,1,7.549482841386547,0,0,0,0,1,0,0,0,0,0,1,0,1,0,0,0,0,0,0,1,0,0,0,1,0,0
ORD200059,2024-09-11,C97603,4,593.27,811 Main St,TRK47055028,5,2373.08,0,9,7.772365273001161,1,0,0,0,0,0,0,0,0,0,0,1,0,0,0,0,1,0,1,0,0,0,1,0,0,0
ORD200060,2024-08-21,C39256,1,417.1,634 Main St,TRK23412025,3,417.1,1,8,6.03572063836252,0,1,0,0,0,0,0,0,0,1,0,0,0,0,0,1,0,1,0,0,0,0,0,0,0,1
ORD200061,2024-03-24,C61618,4,122.2,104 Main St,TRK43458485,7,488.8,1,3,6.193997144518067,0,1,0,0,0,0,0,1,0,0,0,0,0,1,0,0,0,1,0,0,0,0,1,0,0,0
ORD200062,2023-08-22,C36497,2,43.15,691 Main St,TRK12102911,3,86.3,1,8,4.469350462845557,0,1,0,0,0,0,0,0,0,1,0,0,0,0,1,0,0,0,0,0,1,1,0,0,0,0
ORD200063,2025-02-02,C96695,1,564.86,813 Main St,TRK64283851,6,564.86,1,2,6.338346697783848,1,0,0,0,0,0,0,0,0,1,0,0,0,0,0,0,1,0,0,0,1,0,0,0,0,1
ORD200064,2025-06-25,C49720,3,130.61,752 Main St,TRK55785217,4,391.83,1,6,5.973376948309326,0,0,0,0,0,1,0,0,0,1,0,0,1,0,0,0,0,1,0,0,0,0,1,0,0,0
ORD200065,2023-12-30,C97735,5,81.7,385 Main St,TRK13743703,6,408.5,0,12,6.014936903293124,0,0,0,1,0,0,0,0,1,0,0,0,0,1,0,0,0,0,1,0,0,0,0,0,1,0
ORD200066,2024-11-15,C18104,5,127.18,715 Main St,TRK15488568,9,635.9000000000001,1,11,6.45661265737732,1,0,0,0,0,0,0,1,0,0,0,0,1,0,0,0,0,0,0,1,0,0,0,0,0,1
ORD200067,2024-12-09,C25587,4,12.1,440 Main St,TRK55105323,8,48.4,0,12,3.899950424193877,0,0,0,0,0,1,0,0,0,1,0,0,1,0,0,0,0,0,1,0,0,0,0,1,0,0
ORD200068,2023-12-11,C41598,3,490.92,709 Main St,TRK81665940,5,1472.76,1,12,7.295572237239925,1,0,0,0,0,0,0,0,1,0,0,0,0,0,1,0,0,1,0,0,0,1,0,0,0,0
ORD200069,2023-05-11,C43338,3,478.65,552 Main St,TRK35241775,4,1435.95,0,5,7.270278090762471,0,0,0,1,0,0,0,0,0,0,0,1,0,0,0,0,1,0,1,0,0,0,0,0,0,1
ORD200070,2023-05-26,C25123,1,629.21,384 Main St,TRK27812282,2,629.21,1,5,6.446053097175699,0,1,0,0,0,0,0,0,0,0,1,0,0,0,1,0,0,1,0,0,0,0,0,0,1,0
ORD200071,2025-06-10,C37454,3,434.45,923 Main St,TRK28252730,4,1303.35,0,6,7.173460111380421,0,0,0,1,0,0,0,0,1,0,0,0,0,0,1,0,0,0,1,0,0,0,0,0,0,1
ORD200072,2024-12-22,C19451,4,589.44,942 Main St,TRK87787793,5,2357.76,0,12,7.7658913362074244,0,0,0,0,0,0,1,0,0,0,1,0,0,0,0,1,0,0,1,0,0,0,1,0,0,0
ORD200073,2023-05-03,C17269,4,433.45,129 Main St,TRK79608389,4,1733.8,0,5,7.458647411961211,0,0,0,1,0,0,0,0,0,0,1,0,1,0,0,0,0,0,1,0,0,0,1,0,0,0
ORD200074,2023-06-24,C25382,5,90.87,622 Main St,TRK64691287,5,454.35,0,6,6.121066354013828,0,0,0,0,1,0,0,1,0,0,0,0,0,0,1,0,0,0,1,0,0,0,0,0,1,0
ORD200075,2023-09-26,C80651,3,398.17,917 Main St,TRK14846720,5,1194.51,1,9,7.0863281515643575,0,0,0,0,0,0,1,0,0,1,0,0,0,1,0,0,0,0,0,1,0,1,0,0,0,0
ORD200076,2024-03-31,C58638,4,382.88,239 Main St,TRK38224871,6,1531.52,1,3,7.334668718296171,0,0,1,0,0,0,0,1,0,0,0,0,1,0,0,0,0,0,0,0,1,1,0,0,0,0
ORD200077,2024-05-24,C50121,1,583.18,348 Main St,TRK79810059,5,583.18,0,5,6.3702091545165365,0,0,0,0,1,0,0,0,1,0,0,0,0,0,0,1,0,0,1,0,0,0,0,1,0,0
ORD200078,2024-08-06,C32029,4,175.36,146 Main St,TRK68535532,4,701.44,1,8,6.554559988307654,0,0,0,0,0,1,0,0,0,1,0,0,0,1,0,0,0,1,0,0,0,0,0,0,1,0
ORD200079,2025-03-10,C76700,2,311.91,103 Main St,TRK13036341,2,623.82,0,3,6.437463608256437,0,0,0,0,0,0,1,0,0,0,0,1,0,0,0,0,1,0,1,0,0,0,1,0,0,0
ORD200080,2023-06-27,C29041,3,589.56,591 Main St,TRK28840655,6,1768.68,0,6,7.478554018262767,0,0,0,0,1,0,0,0,0,0,0,1,0,0,0,1,0,0,1,0,0,0,1,0,0,0
ORD200081,2023-06-08,C29314,2,394.3,496 Main St,TRK59876213,6,788.6,1,6,6.671526488119272,0,0,0,1,0,0,0,1,0,0,0,0,0,0,0,0,1,1,0,0,0,1,0,0,0,0
ORD200082,2024-01-05,C65799,4,565.2,971 Main St,TRK66906607,9,2260.8,1,1,7.723916235437227,0,0,0,0,0,0,1,0,0,1,0,0,0,0,0,0,1,0,0,1,0,0,0,1,0,0
ORD200083,2023-08-22,C15681,4,540.41,989 Main St,TRK75112172,6,2161.64,0,8,7.679084976594892,0,0,1,0,0,0,0,0,1,0,0,0,1,0,0,0,0,0,1,0,0,0,0,0,0,1
ORD200084,2023-08-28,C64160,2,165.49,967 Main St,TRK34121529,4,330.98,1,8,5.8050747261380735,0,0,0,1,0,0,0,0,0,0,0,1,0,0,0,0,1,0,0,0,1,0,0,0,1,0
ORD200085,2024-09-09,C14553,3,146.73,768 Main St,TRK93538334,8,440.1899999999999,1,9,6.08947562166464,0,0,0,0,0,0,1,1,0,0,0,0,0,1,0,0,0,1,0,0,0,1,0,0,0,0
ORD200086,2024-06-19,C88205,5,643.03,447 Main St,TRK93504166,5,3215.15,1,6,8.075940271002207,0,0,0,0,0,1,0,0,0,0,0,1,1,0,0,0,0,1,0,0,0,0,0,0,0,1
ORD200087,2024-10-10,C91245,3,225.11,915 Main St,TRK46976391,4,675.33,1,10,6.516681122609335,0,0,0,0,0,0,1,1,0,0,0,0,0,0,0,0,1,0,0,1,0,0,1,0,0,0
ORD200088,2025-06-05,C75439,3,114.81,318 Main St,TRK19831653,7,344.43,0,6,5.84479001776017,0,1,0,0,0,0,0,0,0,0,1,0,1,0,0,0,0,0,1,0,0,0,0,1,0,0
ORD200089,2025-02-25,C17181,5,455.33,291 Main St,TRK78912978,8,2276.65,1,2,7.730899488655777,0,0,0,0,0,1,0,0,1,0,0,0,1,0,0,0,0,1,0,0,0,0,0,1,0,0
ORD200090,2023-09-18,C36540,4,182.08,611 Main St,TRK35828122,4,728.32,1,9,6.592112593171004,1,0,0,0,0,0,0,0,0,0,1,0,0,1,0,0,0,0,0,1,0,1,0,0,0,0
ORD200091,2023-03-15,C98216,5,492.75,196 Main St,TRK40986666,6,2463.75,1,3,7.80984566145515,0,0,1,0,0,0,0,1,0,0,0,0,0,0,0,0,1,0,0,0,1,0,0,0,0,1
ORD200092,2024-06-10,C29568,4,48.61,203 Main St,TRK46531075,7,194.44,1,6,5.275253426949485,0,0,0,0,0,1,0,0,0,0,0,1,0,0,0,0,1,1,0,0,0,0,1,0,0,0
ORD200093,2023-01-14,C97262,4,431.01,837 Main St,TRK65990229,7,1724.04,0,1,7.45300551760241,0,1,0,0,0,0,0,0,1,0,0,0,0,0,0,1,0,0,1,0,0,0,0,0,0,1
ORD200094,2023-02-11,C79821,1,531.18,781 Main St,TRK12780193,6,531.18,1,2,6.276981777980252,1,0,0,0,0,0,0,0,0,0,1,0,0,0,0,1,0,0,0,0,1,0,0,0,1,0
ORD200095,2023-03-24,C76761,4,117.51,839 Main St,TRK60179774,7,470.04,0,3,6.154943016100456,0,0,0,0,0,1,0,0,0,1,0,0,0,0,0,1,0,0,1,0,0,0,0,0,0,1
ORD200096,2024-06-01,C93007,2,232.83,103 Main St,TRK85696091,7,465.66,0,6,6.1456009411189125,0,0,0,0,1,0,0,0,0,0,1,0,0,1,0,0,0,0,1,0,0,0,0,0,1,0
ORD200097,2025-01-21,C15624,5,619.52,922 Main St,TRK40621141,9,3097.6,0,1,8.038705675562191,0,0,0,0,0,0,1,0,0,1,0,0,0,0,1,0,0,0,1,0,0,1,0,0,0,0
ORD200098,2023-01-14,C70921,2,228.54,533 Main St,TRK54983109,3,457.08,0,1,6.1270438413498045,0,0,0,0,0,1,0,0,0,1,0,0,0,0,1,0,0,0,1,0,0,1,0,0,0,0
ORD200099,2025-04-12,C30477,1,201.58,717 Main St,TRK51829648,2,201.58,1,4,5.311134870258651,0,0,0,0,0,1,0,0,0,1,0,0,1,0,0,0,0,0,0,0,1,1,0,0,0,0
ORD200100,2023-02-17,C74866,3,664.79,743 Main St,TRK53783265,6,1994.37,0,2,7.598584775786853,0,0,0,0,1,0,0,0,0,0,0,1,0,1,0,0,0,0,1,0,0,0,1,0,0,0
ORD200101,2023-11-25,C15283,1,381.02,152 Main St,TRK19286291,6,381.02,0,11,5.9454729632569885,0,0,0,0,0,1,0,1,0,0,0,0,0,0,0,0,1,0,1,0,0,0,0,1,0,0
ORD200102,2023-03-08,C18037,2,70.34,944 Main St,TRK47362236,3,140.68,1,3,4.953570993474578,0,0,1,0,0,0,0,0,0,0,1,0,1,0,0,0,0,1,0,0,0,1,0,0,0,0
ORD200103,2025-01-25,C62656,4,218.43,514 Main St,TRK86296459,9,873.72,1,1,6.773903835146689,0,0,0,0,1,0,0,0,1,0,0,0,1,0,0,0,0,0,0,1,0,1,0,0,0,0
ORD200104,2024-07-30,C65744,1,582.04,647 Main St,TRK39906058,1,582.04,1,7,6.368255794631539,0,0,0,0,1,0,0,0,0,0,1,0,0,1,0,0,0,1,0,0,0,1,0,0,0,0
ORD200105,2024-10-24,C72290,3,185.4,810 Main St,TRK68792129,7,556.2,0,10,6.322924241905651,0,0,0,0,0,1,0,0,0,0,1,0,1,0,0,0,0,0,1,0,0,0,1,0,0,0
ORD200106,2023-09-08,C73514,3,465.05,126 Main St,TRK96777924,3,1395.15,1,9,7.241473727406729,0,1,0,0,0,0,0,0,1,0,0,0,1,0,0,0,0,0,0,1,0,1,0,0,0,0
ORD200107,2023-03-27,C16775,5,670.75,848 Main St,TRK34392124,8,3330.4075,1,3,8.111150166346231,0,0,0,0,0,1,0,0,0,0,1,0,0,0,0,0,1,1,0,0,0,0,0,0,1,0
ORD200108,2024-12-28,C33099,5,48.38,522 Main St,TRK28522330,9,241.9,1,12,5.492649836008127,0,0,1,0,0,0,0,0,0,0,1,0,0,1,0,0,0,0,0,0,1,1,0,0,0,0
ORD200109,2023-09-17,C51157,3,592.87,131 Main St,TRK18674578,3,1778.61,1,9,7.484149518156378,0,1,0,0,0,0,0,0,0,0,1,0,0,0,0,0,1,1,0,0,0,0,0,0,0,1
ORD200110,2024-04-21,C74562,1,220.77,388 Main St,TRK32062079,5,220.77,1,4,5.401640808779938,0,0,0,0,0,0,1,0,0,0,1,0,0,0,1,0,0,1,0,0,0,0,0,0,1,0
ORD200111,2025-05-07,C95271,3,309.22,620 Main St,TRK74904969,7,927.66,1,5,6.833742686894976,0,1,0,0,0,0,0,0,0,0,0,1,1,0,0,0,0,1,0,0,0,0,0,1,0,0
ORD200112,2023-01-01,C81366,1,410.6,423 Main St,TRK17062206,2,410.6,1,1,6.020052003959894,0,0,0,1,0,0,0,0,0,0,0,1,1,0,0,0,0,0,0,0,1,0,0,0,0,1
ORD200113,2024-01-17,C65905,5,190.08,605 Main St,TRK73954365,9,950.4,1,1,6.857934583998181,0,0,1,0,0,0,0,1,0,0,0,0,0,0,0,0,1,1,0,0,0,0,0,0,1,0
ORD200114,2025-01-27,C77272,5,498.48,115 Main St,TRK29708128,8,2492.4,1,1,7.821402519910874,0,0,0,1,0,0,0,0,0,0,0,1,0,0,1,0,0,0,0,1,0,0,0,1,0,0
ORD200115,2023-11-27,C32580,5,374.99,122 Main St,TRK23670394,9,1874.95,1,11,7.536870476758962,0,0,0,0,1,0,0,0,0,0,0,1,0,0,0,0,1,0,0,1,0,0,1,0,0,0
ORD200116,2023-03-19,C47761,4,291.35,109 Main St,TRK66669207,6,1165.4,1,3,7.061677361254394,0,0,0,0,0,1,0,0,1,0,0,0,1,0,0,0,0,0,0,0,1,0,1,0,0,0
ORD200117,2023-03-08,C49187,1,535.5,593 Main St,TRK81888598,5,535.5,1,3,6.285066562070753,0,0,0,0,0,0,1,0,0,0,1,0,1,0,0,0,0,0,0,0,1,0,0,0,0,1
ORD200118,2023-10-09,C27898,5,502.71,807 Main St,TRK61957665,7,2513.55,1,10,7.829849140083242,0,0,0,0,0,1,0,0,0,0,1,0,0,0,0,0,1,1,0,0,0,0,0,1,0,0
ORD200119,2025-06-11,C14683,2,534.67,187 Main St,TRK47373682,7,1069.34,1,6,6.975731633991231,0,1,0,0,0,0,0,0,0,1,0,0,0,0,0,0,1,1,0,0,0,0,0,0,0,1
ORD200120,2023-04-11,C58108,4,629.34,986 Main St,TRK66218053,4,2517.36,1,4,7.831363174996565,0,0,0,0,0,0,1,1,0,0,0,0,1,0,0,0,0,0,0,0,1,0,0,0,1,0
ORD200121,2023-11-30,C89822,1,410.78,673 Main St,TRK24138598,1,410.78,1,11,6.020489226148598,0,1,0,0,0,0,0,1,0,0,0,0,1,0,0,0,0,1,0,0,0,0,0,0,1,0
ORD200122,2024-04-15,C96787,2,533.02,588 Main St,TRK30422853,2,1066.04,0,4,6.972643738883996,0,0,1,0,0,0,0,0,0,0,1,0,0,0,0,0,1,0,1,0,0,0,1,0,0,0
ORD200123,2023-07-06,C86064,3,278.04,727 Main St,TRK62182901,5,834.1200000000001,0,7,6.727575427100043,0,1,0,0,0,0,0,0,0,0,0,1,0,1,0,0,0,0,1,0,0,0,0,0,1,0
ORD200124,2024-07-28,C97148,4,283.79,563 Main St,TRK85321126,8,1135.16,0,7,7.035409434433784,0,0,0,0,0,1,0,0,0,0,0,1,0,0,1,0,0,0,1,0,0,0,0,1,0,0
ORD200125,2024-11-06,C91099,2,512.65,758 Main St,TRK81846174,5,1025.3,1,11,6.933715380651669,0,0,0,0,1,0,0,0,1,0,0,0,0,0,0,0,1,0,0,1,0,1,0,0,0,0
ORD200126,2025-05-03,C55606,4,275.5,353 Main St,TRK68250319,8,1102.0,1,5,7.005789019253503,0,1,0,0,0,0,0,0,0,0,1,0,0,0,0,0,1,1,0,0,0,0,0,1,0,0
ORD200127,2023-08-10,C71486,3,469.32,365 Main St,TRK73929833,3,1407.96,0,8,7.250607122567389,0,1,0,0,0,0,0,0,0,1,0,0,0,0,0,0,1,0,1,0,0,0,0,1,0,0
ORD200128,2023-02-17,C86408,4,21.07,244 Main St,TRK41432648,4,84.28,1,2,4.445939960417534,0,0,0,0,0,0,1,0,0,0,1,0,0,1,0,0,0,1,0,0,0,0,0,1,0,0
ORD200129,2023-10-27,C52751,4,263.93,427 Main St,TRK72481234,4,1055.72,1,10,6.962925050115608,0,0,1,0,0,0,0,0,0,1,0,0,0,0,0,0,1,1,0,0,0,0,1,0,0,0
ORD200130,2025-01-22,C29059,3,501.3,513 Main St,TRK88360704,3,1503.9,1,1,7.316481729792673,0,1,0,0,0,0,0,0,0,0,0,1,1,0,0,0,0,0,0,0,1,0,1,0,0,0
ORD200131,2023-01-08,C72862,1,84.8,606 Main St,TRK51648833,5,84.8,0,1,4.4520190064939165,0,0,0,0,0,0,1,0,0,0,1,0,0,0,1,0,0,0,1,0,0,0,0,0,1,0
ORD200132,2023-03-28,C96257,4,450.75,583 Main St,TRK13137948,6,1803.0,1,3,7.4977617006225685,0,0,0,0,0,0,1,0,1,0,0,0,0,0,0,0,1,0,0,0,1,1,0,0,0,0
ORD200133,2025-06-20,C87432,4,302.05,636 Main St,TRK68969625,6,1208.2,1,6,7.097714262905303,1,0,0,0,0,0,0,0,0,1,0,0,1,0,0,0,0,0,0,1,0,0,0,1,0,0
ORD200134,2025-06-23,C16253,2,199.7,583 Main St,TRK17354894,4,399.4,0,6,5.992464047441065,0,0,1,0,0,0,0,1,0,0,0,0,0,0,1,0,0,0,1,0,0,1,0,0,0,0
ORD200135,2023-08-04,C79909,2,68.81,642 Main St,TRK86742257,5,137.62,1,8,4.931736376489838,0,0,0,0,0,1,0,0,0,0,1,0,0,0,0,0,1,0,0,1,0,0,0,0,0,1
ORD200136,2024-04-27,C73370,1,44.35,595 Main St,TRK67820278,1,44.35,1,4,3.814410176561146,0,0,1,0,0,0,0,0,0,0,1,0,1,0,0,0,0,0,0,1,0,0,0,0,1,0
ORD200137,2024-11-26,C50682,2,250.98,598 Main St,TRK12242337,5,501.96,0,11,6.220510644074806,0,0,0,1,0,0,0,0,1,0,0,0,0,1,0,0,0,0,1,0,0,0,0,1,0,0
ORD200138,2023-12-21,C21905,1,298.06,478 Main St,TRK31863841,3,298.06,1,12,5.700644222155698,0,0,0,0,0,0,1,0,0,1,0,0,0,0,1,0,0,0,0,0,1,0,0,1,0,0
ORD200139,2023-04-10,C61440,1,583.9,714 Main St,TRK33114521,1,583.9,0,4,6.37144089244898,0,0,0,0,1,0,0,1,0,0,0,0,0,0,0,1,0,0,1,0,0,1,0,0,0,0
ORD200140,2025-05-31,C33110,3,528.14,388 Main St,TRK38624225,3,1584.42,1,5,7.368604635436391,1,0,0,0,0,0,0,0,0,0,0,1,0,1,0,0,0,1,0,0,0,1,0,0,0,0
ORD200141,2023-11-18,C80004,3,684.14,151 Main St,TRK66230753,3,2052.42,1,11,7.627261974760939,0,0,0,0,0,1,0,1,0,0,0,0,1,0,0,0,0,0,0,0,1,0,0,0,1,0
ORD200142,2023-09-06,C86374,5,272.77,573 Main St,TRK79451491,7,1363.85,1,9,7.218799811470809,0,1,0,0,0,0,0,1,0,0,0,0,0,0,1,0,0,0,0,0,1,1,0,0,0,0
ORD200143,2024-06-13,C66521,4,400.07,933 Main St,TRK34654244,5,1600.28,0,6,7.378558588398437,1,0,0,0,0,0,0,0,0,0,0,1,0,0,0,0,1,0,1,0,0,0,0,0,0,1
ORD200144,2023-08-04,C63365,5,219.78,895 Main St,TRK80100887,8,1098.9,0,8,7.002974545563071,0,1,0,0,0,0,0,0,1,0,0,0,0,0,1,0,0,0,1,0,0,0,1,0,0,0
ORD200145,2024-03-02,C85929,3,146.91,798 Main St,TRK29318610,6,440.73,1,3,6.090698835698372,0,0,0,0,0,1,0,0,1,0,0,0,0,1,0,0,0,1,0,0,0,0,0,1,0,0
ORD200146,2025-04-30,C84645,2,411.49,404 Main St,TRK68893369,4,822.98,0,4,6.7141462577702455,0,0,0,0,0,0,1,0,1,0,0,0,0,0,0,1,0,0,1,0,0,0,0,0,1,0
ORD200147,2025-05-06,C46316,2,465.18,893 Main St,TRK16196000,2,930.36,1,5,6.836645883523426,0,0,1,0,0,0,0,0,1,0,0,0,1,0,0,0,0,0,0,1,0,0,0,1,0,0
ORD200148,2024-12-15,C35100,2,319.91,139 Main St,TRK56853491,3,639.82,1,12,6.462748606253364,0,0,0,0,1,0,0,0,1,0,0,0,1,0,0,0,0,0,0,0,1,0,0,1,0,0
ORD200149,2023-12-27,C39671,1,217.56,174 Main St,TRK47153818,3,217.56,0,12,5.387060576382425,0,0,1,0,0,0,0,0,0,1,0,0,0,1,0,0,0,0,1,0,0,0,1,0,0,0
ORD200150,2023-12-13,C25503,2,105.57,981 Main St,TRK29878837,5,211.14,1,12,5.357246434077324,0,0,0,0,1,0,0,0,0,1,0,0,0,0,0,1,0,0,0,0,1,0,0,1,0,0
ORD200151,2023-12-01,C32960,5,444.76,947 Main St,TRK91226500,7,2223.8,0,12,7.707422302919755,0,0,0,0,0,1,0,0,0,1,0,0,0,0,0,1,0,0,1,0,0,1,0,0,0,0
ORD200152,2025-01-02,C77736,2,399.04,659 Main St,TRK90329250,3,798.08,1,1,6.683461065910532,1,0,0,0,0,0,0,1,0,0,0,0,1,0,0,0,0,1,0,0,0,0,0,0,0,1
ORD200153,2024-12-18,C71570,4,534.48,437 Main St,TRK95992269,9,2137.92,1,12,7.668056307728472,1,0,0,0,0,0,0,0,0,0,0,1,0,0,0,1,0,0,0,0,1,0,0,0,1,0
ORD200154,2023-07-20,C73587,4,408.21,727 Main St,TRK13955543,9,1632.84,0,7,7.398688351408903,0,0,0,0,1,0,0,0,1,0,0,0,0,0,1,0,0,0,1,0,0,0,0,0,1,0
ORD200155,2023-02-27,C62740,1,424.4,446 Main St,TRK20706408,6,424.4,1,2,6.053029902766137,0,0,0,0,1,0,0,0,0,0,0,1,0,0,0,0,1,0,0,0,1,0,0,0,0,1
ORD200156,2024-11-08,C58808,2,269.83,651 Main St,TRK24451893,4,539.66,1,11,6.292790615475001,1,0,0,0,0,0,0,0,0,0,0,1,0,1,0,0,0,0,0,1,0,1,0,0,0,0
ORD200157,2025-02-21,C50422,2,564.58,636 Main St,TRK71227815,4,1129.16,1,2,7.030114494603409,0,0,0,1,0,0,0,0,0,0,0,1,0,0,0,1,0,0,0,0,1,0,1,0,0,0
ORD200158,2024-05-16,C23334,1,331.06,737 Main St,TRK46335144,5,331.06,1,5,5.8053156754796404,0,0,0,0,0,0,1,0,1,0,0,0,0,0,1,0,0,0,0,0,1,0,0,0,1,0
ORD200159,2023-10-31,C48965,1,299.35,819 Main St,TRK50921780,5,299.35,1,10,5.704948461296171,0,0,0,0,0,1,0,0,1,0,0,0,1,0,0,0,0,0,0,0,1,1,0,0,0,0
ORD200160,2023-02-17,C38669,4,101.32,240 Main St,TRK81738254,7,405.28,0,2,6.0070425770713,0,0,0,1,0,0,0,1,0,0,0,0,0,0,1,0,0,0,1,0,0,0,0,0,0,1
ORD200161,2024-03-29,C35091,1,211.14,513 Main St,TRK53784452,1,211.14,1,3,5.357246434077324,0,0,0,1,0,0,0,0,1,0,0,0,1,0,0,0,0,0,0,1,0,0,1,0,0,0
ORD200162,2023-07-27,C82313,3,65.86,917 Main St,TRK79854624,8,197.58,1,7,5.2911920416054485,1,0,0,0,0,0,0,0,0,0,0,1,0,0,1,0,0,0,0,0,1,0,0,1,0,0
ORD200163,2025-06-24,C99589,1,641.39,277 Main St,TRK16695001,1,641.39,0,6,6.465195595886235,0,0,0,0,0,0,1,0,0,0,0,1,1,0,0,0,0,0,1,0,0,0,0,0,0,1
ORD200164,2023-12-28,C70566,5,536.58,667 Main St,TRK49673411,5,2682.9,1,12,7.8950262395733395,0,1,0,0,0,0,0,0,0,0,1,0,0,0,1,0,0,0,0,1,0,0,0,1,0,0
ORD200165,2024-09-14,C60355,2,500.29,226 Main St,TRK30155194,7,1000.58,1,9,6.909334032095352,0,0,0,1,0,0,0,0,0,0,0,1,0,0,0,1,0,0,0,0,1,0,0,1,0,0
ORD200166,2025-03-04,C28889,3,86.29,565 Main St,TRK23791726,6,258.87,1,3,5.560181505973845,1,0,0,0,0,0,0,1,0,0,0,0,0,1,0,0,0,0,0,0,1,0,0,0,1,0
ORD200167,2023-05-27,C88304,2,384.14,219 Main St,TRK44268941,2,768.28,1,5,6.6454550124667335,1,0,0,0,0,0,0,0,0,0,0,1,0,0,0,1,0,0,0,0,1,1,0,0,0,0
ORD200168,2025-01-04,C49517,1,594.96,878 Main St,TRK78551375,6,594.96,0,1,6.390173550719139,0,0,0,0,0,1,0,1,0,0,0,0,0,0,0,1,0,0,1,0,0,0,1,0,0,0
ORD200169,2024-04-07,C35785,1,427.82,732 Main St,TRK78923089,2,427.82,1,4,6.061037250459942,0,0,0,0,0,1,0,0,0,0,0,1,0,1,0,0,0,0,0,0,1,1,0,0,0,0
ORD200170,2025-04-04,C80223,4,662.94,535 Main St,TRK68632951,8,2651.76,1,4,7.883355886419576,0,1,0,0,0,0,0,1,0,0,0,0,1,0,0,0,0,0,0,1,0,0,0,0,1,0
ORD200171,2023-08-15,C20448,2,148.22,336 Main St,TRK67379895,7,296.44,1,8,5.695212523973134,0,0,0,0,0,0,1,0,1,0,0,0,0,1,0,0,0,0,0,0,1,0,0,0,1,0
ORD200172,2025-04-06,C34134,1,254.12,365 Main St,TRK43074303,1,254.12,1,4,5.541734022701802,0,0,0,0,0,1,0,0,0,0,0,1,0,1,0,0,0,0,0,0,1,1,0,0,0,0
ORD200173,2024-03-24,C95901,3,664.46,806 Main St,TRK56989066,4,1993.38,1,3,7.5980885040804464,0,0,0,0,1,0,0,0,0,0,0,1,0,1,0,0,0,1,0,0,0,0,0,1,0,0
ORD200174,2024-04-16,C51145,4,600.81,790 Main St,TRK59154274,9,2403.24,1,4,7.784989124282704,0,0,0,0,0,1,0,0,0,1,0,0,0,1,0,0,0,0,0,1,0,1,0,0,0,0
ORD200175,2025-02-08,C78170,5,68.34,332 Main St,TRK71410605,6,341.7,1,2,5.836855428880563,1,0,0,0,0,0,0,0,0,1,0,0,0,0,1,0,0,0,0,0,1,0,0,0,0,1
ORD200176,2025-06-28,C80151,4,430.83,553 Main St,TRK88251529,8,1723.32,1,6,7.452588048848521,0,0,0,0,0,0,1,0,0,0,1,0,0,0,1,0,0,0,0,0,1,0,0,0,0,1
ORD200177,2023-08-05,C55632,5,431.69,354 Main St,TRK13003066,10,2158.45,0,8,7.677608838624953,1,0,0,0,0,0,0,0,1,0,0,0,0,0,1,0,0,0,1,0,0,0,1,0,0,0
ORD200178,2024-04-11,C53070,4,512.06,283 Main St,TRK49791755,5,2048.24,1,4,7.625224271687148,1,0,0,0,0,0,0,0,0,0,0,1,0,1,0,0,0,0,0,1,0,0,0,1,0,0
ORD200179,2024-11-24,C27401,3,539.91,500 Main St,TRK14332053,8,1619.73,0,11,7.390631944012902,0,0,1,0,0,0,0,0,1,0,0,0,0,1,0,0,0,0,1,0,0,1,0,0,0,0
ORD200180,2023-03-18,C87216,5,316.07,970 Main St,TRK18713727,10,1580.35,0,3,7.366034191582915,0,0,0,0,0,0,1,1,0,0,0,0,0,0,0,1,0,0,1,0,0,0,0,1,0,0
ORD200181,2024-08-31,C38966,5,404.39,247 Main St,TRK17205146,10,2021.95,0,8,7.6123121210936455,0,0,0,0,0,1,0,0,0,0,0,1,0,0,0,0,1,0,1,0,0,0,0,0,0,1
ORD200182,2025-03-19,C16612,1,600.54,596 Main St,TRK96188223,4,600.54,1,3,6.399493033619306,0,1,0,0,0,0,0,0,0,1,0,0,0,0,1,0,0,0,0,0,1,0,0,1,0,0
ORD200183,2024-04-18,C39246,5,186.28,258 Main St,TRK16658182,8,931.4,1,4,6.837761907161602,0,0,0,1,0,0,0,0,0,1,0,0,0,1,0,0,0,0,0,1,0,1,0,0,0,0
ORD200184,2024-04-04,C65180,4,214.54,231 Main St,TRK39255469,7,858.16,0,4,6.7559551677360625,0,0,0,0,0,0,1,0,0,0,1,0,1,0,0,0,0,0,1,0,0,0,0,0,0,1
ORD200185,2025-02-02,C46877,1,210.7,572 Main St,TRK96935978,2,210.7,1,2,5.35517017814082,0,0,1,0,0,0,0,0,0,0,0,1,0,0,0,0,1,0,0,0,1,0,0,0,0,1
ORD200186,2023-12-07,C30334,2,133.55,322 Main St,TRK66388885,7,267.1,1,12,5.591360045241914,0,0,0,0,1,0,0,1,0,0,0,0,0,0,1,0,0,1,0,0,0,0,1,0,0,0
ORD200187,2023-02-08,C21227,1,590.87,689 Main St,TRK79129657,6,590.87,1,2,6.383287016174988,1,0,0,0,0,0,0,0,0,0,1,0,0,0,0,1,0,1,0,0,0,0,0,0,0,1
ORD200188,2025-03-15,C97715,2,363.91,927 Main St,TRK19515949,2,727.82,1,3,6.591426787940234,1,0,0,0,0,0,0,0,0,0,1,0,0,0,0,0,1,1,0,0,0,0,0,0,0,1
ORD200189,2023-07-05,C48939,5,429.45,597 Main St,TRK62786764,5,2147.25,1,7,7.672408836193332,0,0,0,0,0,1,0,0,0,0,1,0,1,0,0,0,0,0,0,0,1,1,0,0,0,0
ORD200190,2024-08-31,C35483,3,223.7,725 Main St,TRK79638203,3,671.0999999999999,1,8,6.51040713897592,0,0,0,0,0,1,0,1,0,0,0,0,0,0,0,1,0,0,0,1,0,1,0,0,0,0
ORD200191,2025-03-08,C51494,2,488.87,505 Main St,TRK58520306,4,977.74,1,3,6.8862660301391525,0,0,1,0,0,0,0,0,0,0,0,1,1,0,0,0,0,1,0,0,0,0,0,1,0,0
ORD200192,2023-08-11,C58410,1,645.46,151 Main St,TRK19749672,5,645.46,1,8,6.471511324681389,0,1,0,0,0,0,0,0,0,0,1,0,1,0,0,0,0,0,0,1,0,0,0,1,0,0
ORD200193,2023-07-21,C11644,1,46.66,429 Main St,TRK81320339,6,46.66,0,7,3.8640924716705958,0,0,0,0,0,1,0,1,0,0,0,0,1,0,0,0,0,0,1,0,0,0,0,1,0,0
ORD200194,2024-06-08,C53501,1,249.57,899 Main St,TRK90144892,3,249.57,1,6,5.523738322606287,0,0,0,1,0,0,0,1,0,0,0,0,0,0,0,0,1,1,0,0,0,0,0,1,0,0
ORD200195,2024-04-22,C63619,3,619.21,801 Main St,TRK65385674,6,1857.63,0,4,7.527594936174506,1,0,0,0,0,0,0,0,0,1,0,0,1,0,0,0,0,0,1,0,0,1,0,0,0,0
ORD200196,2025-01-24,C40882,4,217.13,719 Main St,TRK64165503,8,868.52,1,1,6.767941335254932,0,1,0,0,0,0,0,1,0,0,0,0,0,1,0,0,0,0,0,0,1,1,0,0,0,0
ORD200197,2023-08-27,C80135,5,221.51,723 Main St,TRK95222269,5,1107.55,1,8,7.010808134038219,0,0,1,0,0,0,0,1,0,0,0,0,0,0,0,1,0,0,0,0,1,0,0,0,0,1
ORD200198,2024-06-11,C37594,4,340.3,926 Main St,TRK94405162,8,1361.2,1,6,7.216856318807218,0,0,1,0,0,0,0,1,0,0,0,0,1,0,0,0,0,0,0,1,0,0,0,0,0,1
ORD200199,2025-01-23,C87524,1,625.0,358 Main St,TRK21114341,5,625.0,1,1,6.439350371100098,0,0,0,0,1,0,0,0,0,0,0,1,0,0,0,1,0,0,0,0,1,0,0,1,0,0
ORD200200,2025-06-07,C97681,5,433.26,895 Main St,TRK37531040,9,2166.3,1,6,7.681237432194356,0,0,0,0,0,0,1,0,1,0,0,0,0,1,0,0,0,0,0,1,0,0,0,1,0,0
ORD200201,2023-06-18,C10126,2,674.9,146 Main St,TRK75607531,4,1349.8,1,6,7.208452288511412,0,0,0,1,0,0,0,0,0,0,0,1,0,0,0,0,1,0,0,1,0,0,1,0,0,0
ORD200202,2025-02-06,C36938,3,253.98,636 Main St,TRK52522904,3,761.9399999999999,1,2,6.637179391233039,0,0,0,1,0,0,0,0,1,0,0,0,1,0,0,0,0,1,0,0,0,1,0,0,0,0
ORD200203,2025-01-21,C99173,3,356.84,172 Main St,TRK89849342,5,1070.52,1,1,6.97683348016174,0,0,0,0,0,1,0,0,0,0,0,1,0,0,0,0,1,0,0,1,0,0,0,0,1,0
ORD200204,2023-09-05,C99775,4,413.71,478 Main St,TRK21638425,9,1654.84,1,9,7.4120637119198625,0,0,1,0,0,0,0,0,0,0,1,0,1,0,0,0,0,1,0,0,0,0,1,0,0,0
ORD200205,2023-03-04,C19266,3,147.39,609 Main St,TRK58357269,3,442.17,0,3,6.0939534436113485,0,1,0,0,0,0,0,0,0,1,0,0,0,0,0,1,0,0,1,0,0,1,0,0,0,0
ORD200206,2024-04-16,C31072,4,229.1,729 Main St,TRK77172975,8,916.4,1,4,6.821543582163072,0,0,1,0,0,0,0,0,0,0,1,0,0,0,0,1,0,0,0,0,1,1,0,0,0,0
ORD200207,2025-03-18,C54595,1,121.96,999 Main St,TRK44416659,3,121.96,0,3,4.8118590992303405,0,0,0,0,1,0,0,0,0,1,0,0,0,1,0,0,0,0,1,0,0,0,0,1,0,0
ORD200208,2024-10-08,C87777,2,408.32,597 Main St,TRK29003608,3,816.64,1,10,6.706422141931776,0,1,0,0,0,0,0,0,0,0,0,1,0,0,0,0,1,1,0,0,0,0,1,0,0,0
ORD200209,2023-08-29,C35854,5,187.97,706 Main St,TRK30615168,9,939.85,1,8,6.846783721990653,0,0,0,0,0,0,1,1,0,0,0,0,0,0,0,1,0,0,0,1,0,0,0,1,0,0
ORD200210,2024-12-05,C93821,3,358.48,513 Main St,TRK10658539,7,1075.44,1,12,6.981414579069027,1,0,0,0,0,0,0,0,0,0,1,0,0,1,0,0,0,1,0,0,0,0,1,0,0,0
ORD200211,2025-01-03,C54390,3,193.58,185 Main St,TRK83853742,7,580.74,1,1,6.366023612520263,0,0,0,0,0,1,0,0,0,0,1,0,0,0,1,0,0,1,0,0,0,1,0,0,0,0
ORD200212,2023-06-20,C53215,1,265.38,367 Main St,TRK34751835,6,265.38,1,6,5.584923860772885,0,0,0,1,0,0,0,0,1,0,0,0,1,0,0,0,0,0,0,0,1,1,0,0,0,0
ORD200213,2023-04-20,C71122,1,634.4,317 Main St,TRK54757882,6,634.4,1,4,6.454254721835416,0,0,1,0,0,0,0,1,0,0,0,0,1,0,0,0,0,0,0,1,0,1,0,0,0,0
ORD200214,2024-08-21,C29483,4,305.72,673 Main St,TRK89423603,5,1222.88,0,8,7.109781419050427,0,1,0,0,0,0,0,0,0,0,0,1,0,1,0,0,0,0,1,0,0,0,1,0,0,0
ORD200215,2023-08-10,C26767,1,303.6,432 Main St,TRK24585307,5,303.6,1,8,5.718999440461062,0,0,0,0,0,1,0,1,0,0,0,0,0,0,0,0,1,1,0,0,0,0,1,0,0,0
ORD200216,2025-04-15,C70492,4,496.0,811 Main St,TRK84625405,8,1984.0,1,4,7.59337419312129,0,0,0,1,0,0,0,0,0,0,0,1,1,0,0,0,0,0,0,0,1,0,0,1,0,0
ORD200217,2024-05-20,C61549,4,321.51,908 Main St,TRK65596914,9,1286.04,0,5,7.160100287144233,0,1,0,0,0,0,0,1,0,0,0,0,0,0,0,1,0,0,1,0,0,0,0,1,0,0
ORD200218,2023-04-28,C11665,3,112.46,882 Main St,TRK10993930,6,337.38,1,4,5.82416952433065,0,0,0,0,0,0,1,0,0,0,1,0,0,0,0,0,1,0,0,1,0,0,0,0,1,0
ORD200219,2025-05-02,C48946,5,61.97,457 Main St,TRK99387220,6,309.85,1,5,5.739310480715346,0,0,1,0,0,0,0,1,0,0,0,0,0,1,0,0,0,0,0,1,0,1,0,0,0,0
ORD200220,2023-07-18,C79506,2,373.17,497 Main St,TRK95188748,6,746.34,1,7,6.616520235530809,0,0,1,0,0,0,0,0,1,0,0,0,0,0,1,0,0,0,0,1,0,0,0,0,0,1
ORD200221,2024-02-23,C93473,5,639.37,552 Main St,TRK50003989,6,3196.85,1,2,8.07023398797866,0,0,0,0,0,0,1,0,0,1,0,0,0,0,1,0,0,0,0,1,0,0,0,1,0,0
ORD200222,2023-05-04,C43124,4,693.36,931 Main St,TRK17293348,8,2773.44,0,5,7.928204204014009,1,0,0,0,0,0,0,0,0,0,0,1,0,0,0,0,1,0,1,0,0,0,0,0,1,0
ORD200223,2024-09-11,C22783,4,692.91,673 Main St,TRK55009149,9,2771.64,1,9,7.927555213891935,0,0,0,0,1,0,0,0,1,0,0,0,0,0,1,0,0,0,0,1,0,0,0,0,1,0
ORD200224,2023-09-23,C18567,4,91.46,507 Main St,TRK17554673,9,365.84,1,9,5.904925785690743,0,0,0,0,0,1,0,1,0,0,0,0,1,0,0,0,0,0,0,1,0,0,0,0,0,1
ORD200225,2024-03-13,C99879,3,273.96,692 Main St,TRK50246700,8,821.8799999999999,1,3,6.712810382026606,0,0,0,0,1,0,0,0,0,1,0,0,0,0,0,1,0,0,0,1,0,0,0,1,0,0
ORD200226,2025-06-27,C31501,3,588.05,242 Main St,TRK93063929,8,1764.15,0,6,7.475990951591999,0,1,0,0,0,0,0,0,0,0,1,0,0,1,0,0,0,0,1,0,0,0,0,0,1,0
ORD200227,2023-11-02,C93220,2,365.17,353 Main St,TRK89023251,4,730.34,1,11,6.5948784678958,0,0,0,1,0,0,0,0,0,0,0,1,1,0,0,0,0,1,0,0,0,0,1,0,0,0
ORD200228,2023-05-17,C57867,4,385.92,579 Main St,TRK92055007,8,1543.68,0,5,7.34257204813849,1,0,0,0,0,0,0,0,1,0,0,0,1,0,0,0,0,0,1,0,0,0,0,0,1,0
ORD200229,2025-03-28,C62622,1,562.61,762 Main St,TRK70997648,3,562.61,1,3,6.334362522947317,0,0,0,0,0,0,1,0,1,0,0,0,0,1,0,0,0,0,0,0,1,0,1,0,0,0
ORD200230,2023-12-16,C94595,4,61.91,948 Main St,TRK24497305,6,247.64,1,12,5.5160060671792825,0,1,0,0,0,0,0,0,0,0,1,0,0,1,0,0,0,0,0,0,1,1,0,0,0,0
ORD200231,2023-11-05,C30955,4,41.9,327 Main St,TRK46898848,9,167.6,1,11,5.127529045567755,0,0,0,0,1,0,0,0,0,0,1,0,0,0,1,0,0,1,0,0,0,0,0,0,1,0
ORD200232,2023-05-19,C20731,4,444.44,610 Main St,TRK75568437,8,1777.76,1,5,7.483671771313769,0,0,0,0,0,1,0,0,0,1,0,0,1,0,0,0,0,0,0,0,1,0,0,1,0,0
ORD200233,2024-08-24,C30168,3,311.33,146 Main St,TRK73699939,3,933.99,1,8,6.840535834044327,0,0,0,0,1,0,0,1,0,0,0,0,1,0,0,0,0,0,0,0,1,0,0,0,1,0
ORD200234,2024-11-26,C79842,4,236.41,337 Main St,TRK26957950,7,945.64,1,11,6.8529188730763035,0,0,0,0,0,1,0,0,0,1,0,0,0,0,1,0,0,0,0,1,0,0,0,1,0,0
ORD200235,2023-02-20,C32854,1,65.45,815 Main St,TRK30009218,2,65.45,1,2,4.196449785159254,0,1,0,0,0,0,0,1,0,0,0,0,0,0,1,0,0,0,0,0,1,0,0,1,0,0
ORD200236,2023-01-01,C14847,1,318.81,562 Main St,TRK39663243,3,318.81,1,1,5.767727069454437,0,0,0,1,0,0,0,0,0,1,0,0,0,0,1,0,0,0,0,0,1,1,0,0,0,0
ORD200237,2024-03-14,C88645,3,583.72,783 Main St,TRK74097570,5,1751.16,1,3,7.468604591527449,0,0,0,1,0,0,0,0,1,0,0,0,0,0,0,0,1,1,0,0,0,0,1,0,0,0
ORD200238,2024-12-13,C66149,4,384.32,770 Main St,TRK76307307,6,1537.28,1,12,7.338420188112043,0,1,0,0,0,0,0,0,1,0,0,0,0,0,1,0,0,0,0,0,1,0,0,1,0,0
ORD200239,2024-12-11,C20256,3,538.74,456 Main St,TRK71127943,6,1616.22,1,12,7.388463904744312,0,0,0,0,0,0,1,0,0,0,0,1,0,0,0,0,1,1,0,0,0,1,0,0,0,0
ORD200240,2023-07-12,C14983,1,17.24,255 Main St,TRK93444157,2,17.24,1,7,2.9036169846461855,0,0,0,0,0,0,1,0,0,0,0,1,0,0,1,0,0,1,0,0,0,0,0,0,1,0
ORD200241,2023-05-16,C20817,5,615.67,407 Main St,TRK44164590,6,3078.35,1,5,8.032473814734725,1,0,0,0,0,0,0,0,0,0,0,1,0,0,1,0,0,0,0,1,0,1,0,0,0,0
ORD200242,2023-05-09,C94921,2,219.1,134 Main St,TRK97794327,4,438.2,1,5,6.084954890195321,0,0,0,0,0,1,0,0,0,0,0,1,0,0,1,0,0,0,0,1,0,0,0,0,0,1
ORD200243,2025-05-09,C54725,2,144.66,506 Main St,TRK30601940,7,289.32,1,5,5.6709837629048145,1,0,0,0,0,0,0,0,0,0,0,1,1,0,0,0,0,1,0,0,0,0,0,1,0,0
ORD200244,2023-02-16,C98096,2,317.77,838 Main St,TRK51518631,4,635.54,1,2,6.456047259699235,0,1,0,0,0,0,0,0,0,1,0,0,1,0,0,0,0,0,0,0,1,0,1,0,0,0
ORD200245,2025-04-20,C12667,1,223.3,306 Main St,TRK25390491,1,223.3,0,4,5.412984441526163,0,0,1,0,0,0,0,0,0,0,0,1,0,0,0,1,0,0,1,0,0,0,1,0,0,0
ORD200246,2024-08-30,C55354,2,342.11,164 Main St,TRK15439493,2,684.22,1,8,6.529739954582072,0,1,0,0,0,0,0,0,0,0,1,0,0,0,0,0,1,0,0,0,1,0,0,0,1,0
ORD200247,2023-07-20,C14600,2,220.9,785 Main St,TRK84984764,4,441.8,0,7,6.093118200834482,0,0,0,0,0,1,0,0,0,0,1,0,0,0,0,0,1,0,1,0,0,1,0,0,0,0
ORD200248,2023-07-02,C97187,1,670.54,471 Main St,TRK62283713,6,670.54,1,7,6.509573582320232,0,0,1,0,0,0,0,1,0,0,0,0,0,0,0,0,1,1,0,0,0,0,0,0,0,1
ORD200249,2024-02-07,C39106,1,546.19,245 Main St,TRK35464433,5,546.19,1,2,6.304796091287552,0,0,0,0,0,1,0,1,0,0,0,0,0,0,1,0,0,1,0,0,0,0,0,0,0,1
ORD200250,2023-04-05,C93379,3,42.95,318 Main St,TRK67954150,8,128.85,1,4,4.866379938108757,0,1,0,0,0,0,0,0,0,0,1,0,0,0,0,1,0,0,0,1,0,1,0,0,0,0
ORD200251,2025-05-15,C93175,4,14.69,814 Main St,TRK32995144,9,58.76,0,5,4.090336540824562,0,0,0,1,0,0,0,1,0,0,0,0,1,0,0,0,0,0,1,0,0,1,0,0,0,0
ORD200252,2024-09-20,C19648,4,668.36,821 Main St,TRK51297879,5,2673.44,1,9,7.891495291619825,0,0,0,0,1,0,0,0,0,0,1,0,1,0,0,0,0,1,0,0,0,0,1,0,0,0
ORD200253,2024-03-23,C14891,4,413.74,743 Main St,TRK79471534,7,1654.96,1,3,7.412136180064106,1,0,0,0,0,0,0,0,0,0,1,0,0,0,0,1,0,1,0,0,0,0,0,0,1,0
ORD200254,2023-12-26,C10866,3,263.19,770 Main St,TRK34809583,5,789.5699999999999,0,12,6.672754204278721,0,0,0,1,0,0,0,0,0,0,0,1,0,1,0,0,0,0,1,0,0,0,0,0,1,0
ORD200255,2024-05-13,C47283,1,263.96,806 Main St,TRK56235117,2,263.96,1,5,5.579578871196895,0,0,0,1,0,0,0,0,0,0,1,0,0,0,0,1,0,0,0,1,0,0,0,1,0,0
ORD200256,2025-06-30,C94323,5,75.81,463 Main St,TRK22663277,10,379.05,1,6,5.94030282301205,1,0,0,0,0,0,0,0,0,0,1,0,0,0,0,1,0,0,0,0,1,0,0,0,1,0
ORD200257,2024-04-23,C89732,1,406.22,712 Main St,TRK41059233,5,406.22,1,4,6.009353579943722,0,0,0,0,1,0,0,0,1,0,0,0,1,0,0,0,0,0,0,1,0,0,0,0,0,1
ORD200258,2024-02-26,C87764,2,103.41,294 Main St,TRK94082469,2,206.82,1,2,5.3366723204245,0,0,0,0,0,0,1,0,0,0,0,1,0,0,0,0,1,1,0,0,0,0,0,0,0,1
ORD200259,2023-06-11,C20977,4,435.12,636 Main St,TRK54991561,9,1740.48,1,6,7.462490605387541,1,0,0,0,0,0,0,0,1,0,0,0,0,1,0,0,0,0,0,1,0,0,0,0,1,0
ORD200260,2023-05-17,C12245,2,407.79,153 Main St,TRK22000463,3,815.58,0,5,6.705124886790298,0,0,0,1,0,0,0,0,0,1,0,0,0,0,0,0,1,0,1,0,0,0,0,1,0,0
ORD200261,2025-05-28,C68976,5,173.65,460 Main St,TRK25491356,9,868.25,1,5,6.767630770887971,0,0,0,0,1,0,0,0,0,0,1,0,0,1,0,0,0,0,0,1,0,1,0,0,0,0
ORD200262,2023-01-10,C69476,4,249.07,642 Main St,TRK65869386,5,996.28,1,1,6.9050315730605405,0,0,0,0,1,0,0,0,1,0,0,0,0,0,0,1,0,0,0,0,1,0,0,0,0,1
ORD200263,2023-03-25,C71040,4,434.85,250 Main St,TRK41397604,4,1739.4,1,3,7.461870250846525,0,0,0,0,1,0,0,0,1,0,0,0,0,0,1,0,0,0,0,0,1,0,0,1,0,0
ORD200264,2024-08-03,C71035,1,436.77,977 Main St,TRK19599578,5,436.77,1,8,6.081693658300472,0,0,0,0,0,0,1,1,0,0,0,0,0,0,0,1,0,1,0,0,0,0,0,1,0,0
ORD200265,2023-12-22,C20752,1,572.13,150 Main St,TRK22298450,4,572.13,1,12,6.3511125670730015,0,0,0,0,0,1,0,0,0,1,0,0,1,0,0,0,0,0,0,1,0,0,0,1,0,0
ORD200266,2024-06-08,C38840,4,583.07,589 Main St,TRK48484633,6,2332.28,1,6,7.755030281965255,1,0,0,0,0,0,0,0,1,0,0,0,1,0,0,0,0,1,0,0,0,0,0,0,0,1
ORD200267,2025-04-17,C84480,5,468.51,803 Main St,TRK62361867,9,2342.55,0,4,7.759422152744292,1,0,0,0,0,0,0,0,0,1,0,0,0,1,0,0,0,0,1,0,0,0,1,0,0,0
ORD200268,2023-08-11,C37032,2,423.88,655 Main St,TRK48639226,7,847.76,1,8,6.743776460835899,0,0,0,0,1,0,0,0,0,1,0,0,0,1,0,0,0,0,0,1,0,0,0,0,0,1
ORD200269,2023-11-25,C48942,4,663.67,129 Main St,TRK29355120,7,2654.68,1,11,7.884456021410083,0,0,0,0,0,0,1,0,1,0,0,0,0,0,1,0,0,1,0,0,0,0,0,1,0,0
ORD200270,2023-06-04,C13540,4,309.91,127 Main St,TRK81087373,5,1239.64,1,6,7.1233826544825645,0,0,0,0,0,1,0,0,0,1,0,0,0,0,0,0,1,0,0,0,1,0,0,1,0,0
ORD200271,2023-03-28,C59572,1,542.07,791 Main St,TRK16792991,6,542.07,1,3,6.297238225069142,0,0,0,1,0,0,0,1,0,0,0,0,0,0,0,0,1,0,0,0,1,0,0,0,0,1
ORD200272,2023-09-19,C29758,2,399.32,119 Main St,TRK12990043,6,798.64,1,9,6.684161626387542,1,0,0,0,0,0,0,0,0,0,0,1,0,0,1,0,0,0,0,0,1,0,0,0,1,0
ORD200273,2024-10-27,C11849,2,238.25,974 Main St,TRK91195261,7,476.5,1,10,6.168564159920785,0,0,0,0,0,0,1,0,0,0,0,1,1,0,0,0,0,1,0,0,0,1,0,0,0,0
ORD200274,2023-02-04,C50967,2,182.4,884 Main St,TRK65300814,5,364.8,1,2,5.9020867359567655,0,0,0,0,1,0,0,0,0,0,1,0,1,0,0,0,0,0,0,1,0,0,0,0,0,1
ORD200275,2023-11-04,C80735,2,65.07,360 Main St,TRK99880231,4,130.14,1,11,4.876265454835473,1,0,0,0,0,0,0,0,1,0,0,0,1,0,0,0,0,0,0,1,0,0,0,1,0,0
ORD200276,2025-03-29,C99050,2,600.57,654 Main St,TRK56927089,3,1201.14,1,3,7.09185858085851,0,0,0,0,0,1,0,0,0,1,0,0,0,0,0,1,0,0,0,0,1,0,0,0,1,0
ORD200277,2024-09-09,C11210,5,90.92,910 Main St,TRK44929965,9,454.6,1,9,6.121615231573027,1,0,0,0,0,0,0,0,1,0,0,0,0,1,0,0,0,0,0,1,0,0,1,0,0,0
ORD200278,2024-11-18,C46015,5,362.46,299 Main St,TRK46598430,6,1812.3,1,11,7.50290366865998,0,0,1,0,0,0,0,1,0,0,0,0,0,1,0,0,0,1,0,0,0,0,0,0,1,0
ORD200279,2023-10-20,C69167,3,55.01,263 Main St,TRK12425655,7,165.03,1,10,5.112168494919695,1,0,0,0,0,0,0,0,0,0,0,1,0,0,1,0,0,0,0,0,1,1,0,0,0,0
ORD200280,2023-03-27,C55388,3,404.62,740 Main St,TRK75741001,6,1213.86,1,3,7.102384122798136,0,0,0,0,0,0,1,0,0,0,1,0,0,1,0,0,0,1,0,0,0,0,0,0,1,0
ORD200281,2023-07-27,C87181,4,654.79,195 Main St,TRK60093390,9,2619.16,0,7,7.870990663592815,0,1,0,0,0,0,0,1,0,0,0,0,0,0,1,0,0,0,1,0,0,0,0,0,0,1
ORD200282,2025-04-22,C30411,4,637.79,375 Main St,TRK71810536,9,2551.16,1,4,7.844695338424138,0,0,0,0,0,1,0,0,0,0,1,0,1,0,0,0,0,1,0,0,0,0,0,1,0,0
ORD200283,2025-02-28,C39638,4,540.33,990 Main St,TRK69745608,6,2161.32,0,2,7.678936998347424,0,0,1,0,0,0,0,1,0,0,0,0,0,0,0,0,1,0,1,0,0,0,0,1,0,0
ORD200284,2023-02-16,C27203,5,208.17,516 Main St,TRK22023906,6,1040.85,1,2,6.948753258016209,0,0,1,0,0,0,0,0,1,0,0,0,0,0,0,1,0,0,0,1,0,0,1,0,0,0
ORD200285,2025-06-10,C67583,1,338.31,974 Main St,TRK93281700,3,338.31,0,6,5.826914143799146,0,0,0,0,1,0,0,0,0,0,0,1,0,1,0,0,0,0,1,0,0,0,0,1,0,0
ORD200286,2025-04-07,C70554,3,139.45,187 Main St,TRK61086952,8,418.35,1,4,6.0387058934304205,0,0,0,1,0,0,0,0,0,0,1,0,0,0,0,1,0,0,0,0,1,0,0,1,0,0
ORD200287,2023-11-24,C70437,4,655.18,630 Main St,TRK26628830,5,2620.72,0,11,7.871585869910417,1,0,0,0,0,0,0,0,0,0,0,1,0,0,0,0,1,0,1,0,0,0,1,0,0,0
ORD200288,2023-03-12,C97643,4,512.75,537 Main St,TRK60831391,8,2051.0,1,3,7.62657020629066,0,0,1,0,0,0,0,0,0,1,0,0,0,0,0,1,0,0,0,0,1,0,0,1,0,0
ORD200289,2023-07-26,C17136,4,160.49,333 Main St,TRK55362541,8,641.96,1,7,6.466082513904463,1,0,0,0,0,0,0,0,1,0,0,0,0,0,0,0,1,0,0,0,1,0,0,0,0,1
ORD200290,2023-05-05,C24901,3,99.9,258 Main St,TRK14029489,8,299.7,1,5,5.706113089994483,1,0,0,0,0,0,0,1,0,0,0,0,0,1,0,0,0,1,0,0,0,0,1,0,0,0
ORD200291,2024-05-12,C61521,2,345.01,670 Main St,TRK93676567,6,690.02,1,5,6.538168766908871,0,0,0,0,1,0,0,0,1,0,0,0,0,1,0,0,0,1,0,0,0,0,0,1,0,0
ORD200292,2025-01-15,C39639,1,65.95,185 Main St,TRK31042152,5,65.95,0,1,4.203946072137182,0,0,0,1,0,0,0,0,1,0,0,0,0,1,0,0,0,0,1,0,0,0,1,0,0,0
ORD200293,2023-02-16,C33220,4,463.04,564 Main St,TRK40450219,9,1852.16,0,2,7.5246475690229095,0,0,0,0,0,0,1,0,0,0,1,0,0,0,0,1,0,0,1,0,0,0,0,0,1,0
ORD200294,2025-04-01,C65414,2,297.71,208 Main St,TRK67562517,7,595.42,1,4,6.39094511686889,0,0,0,0,1,0,0,0,0,0,0,1,0,0,0,0,1,0,0,1,0,0,0,0,0,1
ORD200295,2023-01-25,C49009,5,107.48,278 Main St,TRK46285799,9,537.4,1,1,6.288601778330518,0,0,0,0,0,1,0,0,0,1,0,0,1,0,0,0,0,1,0,0,0,1,0,0,0,0
ORD200296,2024-06-19,C48453,5,638.8,434 Main St,TRK52110494,10,3194.0,1,6,8.069342366811636,0,1,0,0,0,0,0,0,0,1,0,0,1,0,0,0,0,0,0,0,1,0,0,0,0,1
ORD200297,2023-02-22,C68078,2,493.88,252 Main St,TRK64862812,7,987.76,1,2,6.896451632810745,0,1,0,0,0,0,0,0,1,0,0,0,0,0,0,1,0,0,0,1,0,0,0,0,1,0
ORD200298,2023-12-19,C19402,4,301.17,267 Main St,TRK97825212,6,1204.68,0,12,7.094799002111421,0,0,0,0,0,1,0,0,0,0,0,1,1,0,0,0,0,0,1,0,0,1,0,0,0,0
ORD200299,2024-01-20,C30711,1,278.66,856 Main St,TRK42696593,2,278.66,1,1,5.633574579612705,0,0,0,1,0,0,0,0,0,0,1,0,1,0,0,0,0,1,0,0,0,0,0,0,1,0
ORD200300,2024-09-02,C39000,1,287.46,894 Main St,TRK33753945,3,287.46,1,9,5.664556428155364,0,0,0,0,1,0,0,0,0,1,0,0,0,0,0,1,0,1,0,0,0,0,1,0,0,0
ORD200301,2023-05-11,C31105,1,583.99,726 Main St,TRK40149095,2,583.99,1,5,6.371594753068658,1,0,0,0,0,0,0,1,0,0,0,0,1,0,0,0,0,0,0,1,0,1,0,0,0,0
ORD200302,2023-05-16,C29432,3,468.74,121 Main St,TRK44142517,4,1406.22,1,5,7.249371405943157,1,0,0,0,0,0,0,1,0,0,0,0,0,0,1,0,0,1,0,0,0,0,0,0,1,0
ORD200303,2024-12-07,C48531,1,30.54,368 Main St,TRK95462192,1,30.54,0,12,3.451256581534892,0,0,0,0,0,0,1,0,0,1,0,0,0,0,0,1,0,0,1,0,0,0,0,1,0,0
ORD200304,2024-10-18,C86762,5,408.73,326 Main St,TRK75686292,10,2043.65,1,10,7.622981904684962,0,0,0,1,0,0,0,0,0,0,1,0,0,1,0,0,0,1,0,0,0,0,0,0,1,0
ORD200305,2023-11-25,C63822,4,126.89,235 Main St,TRK59353216,9,507.56,1,11,6.231583202628153,0,0,1,0,0,0,0,1,0,0,0,0,0,0,1,0,0,1,0,0,0,0,0,0,1,0
ORD200306,2024-06-07,C70495,2,57.07,238 Main St,TRK65511225,3,114.14,1,6,4.7461487792476635,0,0,0,0,0,1,0,0,0,1,0,0,0,0,0,1,0,0,0,1,0,0,0,0,1,0
ORD200307,2023-07-01,C92407,3,557.41,135 Main St,TRK11755610,4,1672.23,0,7,7.422511169122823,0,0,1,0,0,0,0,0,0,0,0,1,0,1,0,0,0,0,1,0,0,1,0,0,0,0
ORD200308,2023-12-11,C75888,3,448.9,790 Main St,TRK98467398,7,1346.7,1,12,7.2061547147751135,0,0,0,0,0,1,0,0,0,1,0,0,0,0,0,1,0,0,0,1,0,0,0,0,1,0
ORD200309,2023-10-03,C63153,4,549.76,625 Main St,TRK38033305,4,2199.04,1,10,7.696230820999301,1,0,0,0,0,0,0,0,0,1,0,0,0,1,0,0,0,1,0,0,0,0,1,0,0,0
ORD200310,2024-02-24,C85863,3,132.48,968 Main St,TRK16094218,4,397.4399999999999,0,2,5.987556922276965,0,0,0,0,0,1,0,0,0,0,0,1,0,0,0,0,1,0,1,0,0,0,0,0,0,1
ORD200311,2025-05-17,C71698,5,489.37,274 Main St,TRK34786818,8,2446.85,0,5,7.802965367245053,0,1,0,0,0,0,0,0,0,0,0,1,0,0,0,1,0,0,1,0,0,0,0,0,1,0
ORD200312,2025-05-24,C35397,5,66.31,579 Main St,TRK64742535,7,331.55,1,5,5.80679022473043,0,0,0,0,0,1,0,0,0,0,1,0,0,0,1,0,0,1,0,0,0,0,0,0,0,1
ORD200313,2023-07-09,C67687,2,434.3,978 Main St,TRK22838735,7,868.6,1,7,6.768033335807,1,0,0,0,0,0,0,1,0,0,0,0,0,1,0,0,0,0,0,1,0,0,0,0,1,0
ORD200314,2023-10-04,C29931,4,153.09,540 Main St,TRK48712417,4,612.36,1,10,6.418952039250639,0,1,0,0,0,0,0,0,0,0,0,1,0,1,0,0,0,1,0,0,0,0,0,0,0,1
ORD200315,2025-05-12,C59139,5,91.67,301 Main St,TRK45507090,9,458.35,1,5,6.129812446717476,0,0,0,0,0,0,1,0,0,0,0,1,1,0,0,0,0,1,0,0,0,1,0,0,0,0
ORD200316,2023-10-02,C66078,4,275.28,101 Main St,TRK86474559,9,1101.12,1,10,7.004990876706416,0,1,0,0,0,0,0,0,0,0,1,0,0,0,0,0,1,0,0,0,1,0,1,0,0,0
ORD200317,2023-04-10,C88370,2,139.95,339 Main St,TRK22575151,5,279.9,0,4,5.637998734110198,0,0,0,1,0,0,0,0,0,0,0,1,0,0,0,1,0,0,1,0,0,0,0,0,1,0
ORD200318,2024-07-27,C93375,3,148.72,317 Main St,TRK95706967,7,446.16,1,7,6.102916472402125,1,0,0,0,0,0,0,0,0,1,0,0,1,0,0,0,0,0,0,1,0,0,0,1,0,0
ORD200319,2023-12-02,C53049,2,563.06,413 Main St,TRK48974907,6,1126.12,0,12,7.027420985745021,0,0,1,0,0,0,0,1,0,0,0,0,0,0,0,1,0,0,1,0,0,0,0,0,1,0
ORD200320,2024-12-19,C55590,1,625.51,772 Main St,TRK48792951,1,625.51,1,12,6.440164735900676,0,0,0,0,0,1,0,0,1,0,0,0,0,0,0,0,1,1,0,0,0,0,1,0,0,0
ORD200321,2023-08-09,C47086,4,152.29,135 Main St,TRK44194358,6,609.16,1,8,6.413721217855983,0,0,0,0,1,0,0,0,0,1,0,0,1,0,0,0,0,0,0,0,1,0,0,1,0,0
ORD200322,2024-06-14,C48646,5,231.82,339 Main St,TRK18233748,6,1159.1,1,6,7.056261487281361,0,0,0,0,1,0,0,0,0,1,0,0,0,1,0,0,0,0,0,1,0,0,1,0,0,0
ORD200323,2025-01-26,C29416,1,150.17,414 Main St,TRK63820842,1,150.17,1,1,5.018405031360617,0,0,1,0,0,0,0,0,0,1,0,0,0,0,0,1,0,0,0,1,0,0,0,0,0,1
ORD200324,2024-06-13,C13525,3,70.93,847 Main St,TRK70193221,5,212.79,0,6,5.364994224812317,0,0,0,0,0,0,1,0,0,1,0,0,0,0,0,1,0,0,1,0,0,0,0,0,0,1
ORD200325,2023-06-29,C53545,3,361.39,665 Main St,TRK61123177,8,1084.17,0,6,6.9894919357288625,0,1,0,0,0,0,0,0,1,0,0,0,0,0,0,0,1,0,1,0,0,0,0,0,0,1
ORD200326,2024-07-01,C65986,5,670.48,273 Main St,TRK98353867,5,3330.4075,1,7,8.111150166346231,0,0,1,0,0,0,0,0,0,0,1,0,0,0,0,1,0,0,0,1,0,0,1,0,0,0
ORD200327,2023-07-25,C17302,1,359.99,385 Main St,TRK43940016,5,359.99,1,7,5.888850257118181,0,0,0,0,1,0,0,0,0,0,1,0,1,0,0,0,0,0,0,1,0,1,0,0,0,0
ORD200328,2023-02-28,C18404,5,674.04,546 Main St,TRK89401624,7,3330.4075,1,2,8.111150166346231,0,0,0,0,0,0,1,0,0,0,0,1,1,0,0,0,0,0,0,1,0,0,0,1,0,0
ORD200329,2024-12-25,C88371,4,283.16,306 Main St,TRK63224811,6,1132.64,0,12,7.033188973569043,1,0,0,0,0,0,0,0,1,0,0,0,0,0,0,0,1,0,1,0,0,0,0,1,0,0
ORD200330,2024-06-02,C38068,5,260.53,532 Main St,TRK54059198,5,1302.65,1,6,7.172923301551579,0,1,0,0,0,0,0,0,0,0,1,0,0,0,1,0,0,0,0,1,0,0,0,0,1,0
ORD200331,2023-04-15,C78724,3,422.13,187 Main St,TRK25703134,7,1266.39,1,4,7.144714946689439,0,0,0,0,0,1,0,0,0,0,0,1,0,1,0,0,0,0,0,1,0,0,1,0,0,0
ORD200332,2024-07-03,C26163,5,125.02,607 Main St,TRK67499316,9,625.1,1,7,6.439510102751265,0,1,0,0,0,0,0,0,0,1,0,0,0,0,1,0,0,0,0,1,0,0,0,1,0,0
ORD200333,2024-04-16,C87124,1,198.51,818 Main St,TRK52086740,5,198.51,1,4,5.29586436038697,0,0,0,0,1,0,0,0,1,0,0,0,0,0,0,1,0,0,0,0,1,0,0,0,1,0
ORD200334,2024-03-26,C90348,4,224.75,728 Main St,TRK20635777,7,899.0,1,3,6.802394763324311,1,0,0,0,0,0,0,0,0,0,0,1,0,1,0,0,0,0,0,0,1,0,1,0,0,0
ORD200335,2025-03-03,C58721,3,205.86,978 Main St,TRK34801199,4,617.58,0,3,6.427426528658151,0,0,0,0,0,0,1,0,0,0,1,0,0,0,0,0,1,0,1,0,0,1,0,0,0,0
ORD200336,2023-12-29,C88174,1,18.2,441 Main St,TRK10143345,4,18.2,1,12,2.954910279033736,0,0,1,0,0,0,0,0,0,1,0,0,0,0,1,0,0,0,0,1,0,0,0,0,1,0
ORD200337,2023-05-29,C77763,3,502.77,599 Main St,TRK66980447,8,1508.31,1,5,7.319407871731454,0,0,0,0,0,0,1,0,0,1,0,0,0,0,0,1,0,0,0,0,1,1,0,0,0,0
ORD200338,2023-11-08,C53627,5,305.49,704 Main St,TRK64112352,10,1527.45,0,11,7.332009428986884,0,0,0,0,1,0,0,0,0,1,0,0,0,0,0,0,1,0,1,0,0,0,0,0,0,1
ORD200339,2024-04-10,C84563,2,236.33,398 Main St,TRK62422797,3,472.66,1,4,6.160489764734588,0,0,0,0,0,1,0,0,0,0,0,1,0,0,1,0,0,0,0,1,0,0,0,0,1,0
ORD200340,2023-04-23,C76207,5,521.25,826 Main St,TRK25569378,8,2606.25,0,4,7.8660513050013225,0,0,1,0,0,0,0,1,0,0,0,0,1,0,0,0,0,0,1,0,0,1,0,0,0,0
ORD200341,2024-09-23,C94671,1,167.15,293 Main St,TRK61357272,5,167.15,1,9,5.124856438186279,0,0,0,0,0,0,1,0,0,0,1,0,0,0,0,0,1,0,0,0,1,1,0,0,0,0
ORD200342,2025-06-24,C69994,5,466.42,619 Main St,TRK95935805,5,2332.1,0,6,7.754953134369007,0,0,0,1,0,0,0,0,0,0,1,0,0,0,0,1,0,0,1,0,0,0,0,0,0,1
ORD200343,2023-02-26,C64638,1,527.57,919 Main St,TRK64087938,3,527.57,1,2,6.2701752468706475,0,0,0,0,0,1,0,0,0,1,0,0,0,0,1,0,0,1,0,0,0,0,1,0,0,0
ORD200344,2025-03-06,C95623,3,623.34,248 Main St,TRK67558189,3,1870.02,1,3,7.534239015687829,0,0,0,0,0,0,1,0,0,0,0,1,1,0,0,0,0,0,0,1,0,0,0,0,1,0
ORD200345,2023-12-07,C24751,5,501.26,259 Main St,TRK37285406,10,2506.3,1,12,7.826961755937189,0,0,0,0,0,0,1,0,0,0,1,0,0,0,0,0,1,1,0,0,0,0,0,0,0,1
ORD200346,2024-12-06,C31764,1,655.09,876 Main St,TRK44680433,6,655.09,0,12,6.48629797465565,0,0,0,0,0,0,1,1,0,0,0,0,0,0,1,0,0,0,1,0,0,0,0,0,0,1
ORD200347,2024-02-03,C83556,4,264.79,380 Main St,TRK21109187,5,1059.16,1,2,6.966175119111531,0,0,0,0,0,1,0,0,1,0,0,0,0,0,1,0,0,0,0,1,0,0,0,1,0,0
ORD200348,2024-03-13,C24369,3,359.73,885 Main St,TRK72633998,7,1079.19,1,3,6.984892230571041,0,0,1,0,0,0,0,0,0,1,0,0,0,0,0,1,0,1,0,0,0,1,0,0,0,0
ORD200349,2023-11-30,C39648,1,465.33,824 Main St,TRK56016905,2,465.33,1,11,6.144893538008994,1,0,0,0,0,0,0,0,0,0,1,0,0,1,0,0,0,1,0,0,0,0,0,1,0,0
ORD200350,2023-06-03,C13296,2,54.41,495 Main St,TRK60127216,6,108.82,0,6,4.698842661850726,1,0,0,0,0,0,0,0,0,0,0,1,0,0,0,0,1,0,1,0,0,0,0,0,1,0
ORD200351,2025-02-15,C94248,1,64.66,494 Main St,TRK89406816,4,64.66,0,2,4.184489912073446,0,0,1,0,0,0,0,0,0,1,0,0,0,1,0,0,0,0,1,0,0,0,0,0,1,0
ORD200352,2023-08-31,C26637,5,173.96,995 Main St,TRK59546992,8,869.8000000000001,1,8,6.769412329360392,1,0,0,0,0,0,0,0,0,1,0,0,0,0,1,0,0,0,0,0,1,0,0,0,1,0
ORD200353,2025-03-28,C16012,1,630.82,171 Main St,TRK15195225,5,630.82,1,3,6.448604543454168,0,0,0,0,0,0,1,0,0,0,0,1,0,1,0,0,0,1,0,0,0,0,0,1,0,0
ORD200354,2023-07-11,C31772,1,693.41,992 Main St,TRK11970357,4,693.41,0,7,6.543062564164107,0,0,0,0,1,0,0,0,0,1,0,0,0,0,0,0,1,0,1,0,0,0,0,0,1,0
ORD200355,2025-06-03,C18353,3,433.33,677 Main St,TRK78766533,4,1299.99,1,6,7.170880792087884,0,0,0,0,0,0,1,0,1,0,0,0,1,0,0,0,0,1,0,0,0,0,0,0,0,1
ORD200356,2023-05-06,C26966,5,374.58,907 Main St,TRK83889574,10,1872.9,1,5,7.53577709958162,0,0,0,0,0,1,0,0,0,0,1,0,1,0,0,0,0,1,0,0,0,0,0,0,1,0
ORD200357,2023-07-08,C74982,5,408.56,398 Main St,TRK98700702,8,2042.8,1,7,7.622566099178108,0,0,1,0,0,0,0,0,0,1,0,0,0,1,0,0,0,1,0,0,0,0,0,0,1,0
ORD200358,2024-04-07,C70633,2,183.67,747 Main St,TRK82540521,3,367.34,1,4,5.90900642466746,0,0,0,0,0,0,1,0,0,0,0,1,1,0,0,0,0,0,0,1,0,0,0,1,0,0
ORD200359,2023-06-09,C95643,4,606.57,303 Main St,TRK23286689,5,2426.28,1,6,7.794526567840164,0,1,0,0,0,0,0,0,0,1,0,0,0,1,0,0,0,0,0,0,1,0,0,0,0,1
ORD200360,2024-06-06,C53810,4,589.57,779 Main St,TRK34630612,8,2358.28,0,6,7.766111766726074,0,0,0,0,1,0,0,1,0,0,0,0,0,0,1,0,0,0,1,0,0,0,0,0,1,0
ORD200361,2024-06-29,C53464,5,659.85,197 Main St,TRK32743531,9,3299.25,1,6,8.10175350216087,0,0,0,0,0,1,0,0,1,0,0,0,0,1,0,0,0,0,0,1,0,0,1,0,0,0
ORD200362,2023-06-27,C53697,4,206.84,312 Main St,TRK60476656,5,827.36,1,6,6.719447842503384,0,0,0,1,0,0,0,1,0,0,0,0,1,0,0,0,0,0,0,0,1,0,0,0,1,0
ORD200363,2024-05-24,C31668,5,113.87,871 Main St,TRK42584392,6,569.35,1,5,6.346250207473907,0,0,1,0,0,0,0,0,1,0,0,0,0,0,1,0,0,0,0,1,0,1,0,0,0,0
ORD200364,2023-11-24,C85282,5,628.74,740 Main St,TRK86767206,9,3143.7,1,11,8.053473775077519,0,0,0,0,1,0,0,1,0,0,0,0,1,0,0,0,0,1,0,0,0,0,1,0,0,0
ORD200365,2025-02-14,C56796,1,678.38,607 Main St,TRK74263180,4,678.38,1,2,6.521180617554003,0,0,0,0,1,0,0,0,1,0,0,0,1,0,0,0,0,0,0,1,0,0,0,0,0,1
ORD200366,2023-02-10,C95213,3,602.24,603 Main St,TRK40630538,8,1806.72,0,2,7.499821661702313,0,0,0,0,0,1,0,0,0,1,0,0,0,0,1,0,0,0,1,0,0,0,0,0,0,1
ORD200367,2024-04-25,C13108,5,658.77,712 Main St,TRK82284400,10,3293.85,1,4,8.100115922379896,0,0,1,0,0,0,0,0,0,0,1,0,0,0,1,0,0,1,0,0,0,0,0,0,1,0
ORD200368,2023-05-01,C85322,3,271.02,403 Main St,TRK89728869,6,813.06,0,5,6.702034073359797,0,0,0,1,0,0,0,0,1,0,0,0,1,0,0,0,0,0,1,0,0,0,0,1,0,0
ORD200369,2024-12-22,C43545,5,375.25,216 Main St,TRK73937402,9,1876.25,1,12,7.537563218979994,0,0,0,1,0,0,0,0,0,0,1,0,0,0,1,0,0,0,0,1,0,1,0,0,0,0
ORD200370,2025-05-03,C80649,1,312.11,870 Main St,TRK41143313,4,312.11,1,5,5.74655456650007,0,0,0,0,1,0,0,0,0,0,0,1,1,0,0,0,0,0,0,0,1,0,1,0,0,0
ORD200371,2023-01-05,C59752,5,307.76,179 Main St,TRK82229639,9,1538.8,1,1,7.339407816843949,0,0,0,0,1,0,0,0,0,0,1,0,0,0,1,0,0,1,0,0,0,0,0,1,0,0
ORD200372,2025-02-14,C53645,3,483.53,166 Main St,TRK12123939,4,1450.59,0,2,7.280414786365062,1,0,0,0,0,0,0,1,0,0,0,0,0,0,0,1,0,0,1,0,0,0,0,0,0,1
ORD200373,2023-01-02,C60178,3,341.15,969 Main St,TRK84505143,4,1023.45,1,1,6.931911162193209,0,0,1,0,0,0,0,1,0,0,0,0,0,0,1,0,0,1,0,0,0,0,0,0,1,0
ORD200374,2024-09-16,C20286,1,571.9,129 Main St,TRK67648338,1,571.9,1,9,6.350711181414532,0,0,0,1,0,0,0,0,0,0,1,0,0,0,1,0,0,0,0,0,1,0,0,0,1,0
ORD200375,2025-01-16,C87547,4,95.03,400 Main St,TRK71027262,8,380.12,1,1,5.943114286166935,0,0,0,1,0,0,0,0,0,0,0,1,0,0,0,0,1,1,0,0,0,0,1,0,0,0
ORD200376,2023-08-24,C64549,5,201.22,341 Main St,TRK20788231,6,1006.1,1,8,6.914830192654099,0,0,0,1,0,0,0,0,0,1,0,0,0,0,1,0,0,1,0,0,0,0,1,0,0,0
ORD200377,2024-07-22,C24884,1,260.26,625 Main St,TRK44538419,5,260.26,1,7,5.565516080058417,0,0,0,1,0,0,0,0,0,0,0,1,0,0,1,0,0,0,0,0,1,0,0,0,1,0
ORD200378,2024-02-01,C62666,5,64.5,148 Main St,TRK91029390,8,322.5,1,2,5.7791991139409555,1,0,0,0,0,0,0,0,1,0,0,0,0,0,1,0,0,0,0,0,1,0,0,0,1,0
ORD200379,2024-09-21,C47284,3,297.67,500 Main St,TRK85756094,6,893.01,0,9,6.795716960793282,0,0,0,0,1,0,0,0,0,0,0,1,0,0,0,0,1,0,1,0,0,0,0,1,0,0
ORD200380,2024-04-20,C35355,4,331.9,127 Main St,TRK52935059,5,1327.6,1,4,7.191881035231141,0,0,0,0,0,1,0,1,0,0,0,0,0,0,1,0,0,0,0,1,0,0,0,0,1,0
ORD200381,2023-06-07,C29467,1,191.76,223 Main St,TRK98103385,1,191.76,1,6,5.261445891772132,1,0,0,0,0,0,0,0,1,0,0,0,0,0,0,1,0,1,0,0,0,0,0,0,1,0
ORD200382,2025-01-30,C26718,4,263.09,272 Main St,TRK91702525,8,1052.36,1,1,6.959740334048088,0,0,0,0,0,1,0,0,0,1,0,0,0,0,0,0,1,0,0,1,0,0,0,1,0,0
ORD200383,2023-01-20,C18944,4,393.8,837 Main St,TRK45275439,7,1575.2,1,1,7.362772165919549,1,0,0,0,0,0,0,0,1,0,0,0,0,0,1,0,0,0,0,1,0,1,0,0,0,0
ORD200384,2024-11-24,C35628,3,553.57,147 Main St,TRK45688220,4,1660.71,1,11,7.415602471622502,1,0,0,0,0,0,0,0,1,0,0,0,0,0,0,1,0,1,0,0,0,0,1,0,0,0
ORD200385,2023-10-31,C56851,5,191.63,752 Main St,TRK65290904,6,958.15,1,10,6.866047475582347,1,0,0,0,0,0,0,0,0,0,1,0,0,1,0,0,0,1,0,0,0,0,1,0,0,0
ORD200386,2023-04-28,C12421,1,93.02,373 Main St,TRK32588504,4,93.02,0,4,4.5435075255959845,0,0,0,0,0,0,1,0,0,0,0,1,0,0,0,1,0,0,1,0,0,1,0,0,0,0
ORD200387,2024-06-27,C25316,2,39.53,904 Main St,TRK55423551,3,79.06,1,6,4.382776353564427,0,0,0,0,0,1,0,0,1,0,0,0,0,0,0,0,1,0,0,0,1,0,0,1,0,0
ORD200388,2023-12-28,C22657,3,633.97,152 Main St,TRK49157047,7,1901.91,1,12,7.551139572431049,0,0,0,0,0,1,0,1,0,0,0,0,0,0,1,0,0,0,0,0,1,0,1,0,0,0
ORD200389,2023-12-17,C29703,4,697.5,558 Main St,TRK40543461,7,2790.0,1,12,7.934155233536322,0,1,0,0,0,0,0,1,0,0,0,0,0,0,0,0,1,1,0,0,0,0,0,0,0,1
ORD200390,2023-07-14,C55996,5,508.69,885 Main St,TRK30547638,10,2543.45,1,7,7.841669795609842,0,0,0,0,0,1,0,1,0,0,0,0,0,1,0,0,0,1,0,0,0,0,0,1,0,0
ORD200391,2025-01-16,C60037,2,527.46,516 Main St,TRK82009557,3,1054.92,1,1,6.9621677038206995,0,0,1,0,0,0,0,0,0,1,0,0,1,0,0,0,0,1,0,0,0,0,0,0,0,1
ORD200392,2024-02-28,C95100,1,627.2,197 Main St,TRK47366265,1,627.2,1,2,6.4428585871045465,0,0,0,0,1,0,0,0,0,0,0,1,0,1,0,0,0,0,0,0,1,1,0,0,0,0
ORD200393,2024-07-14,C39906,1,75.01,921 Main St,TRK24632134,3,75.01,0,7,4.330864910577949,0,0,0,0,0,1,0,0,1,0,0,0,0,0,0,1,0,0,1,0,0,0,0,1,0,0
ORD200394,2023-07-05,C70148,5,529.55,359 Main St,TRK34848650,10,2647.75,0,7,7.881843109582509,0,1,0,0,0,0,0,0,0,0,1,0,0,0,0,0,1,0,1,0,0,0,1,0,0,0
ORD200395,2025-04-25,C30010,3,127.41,830 Main St,TRK35386084,7,382.23,1,4,5.948635331132561,0,0,0,0,1,0,0,0,0,0,1,0,0,1,0,0,0,0,0,1,0,0,0,0,0,1
ORD200396,2023-12-01,C99217,5,287.13,778 Main St,TRK82004594,10,1435.65,1,12,7.270069293434318,0,0,0,0,0,0,1,0,0,0,0,1,0,0,0,0,1,0,0,1,0,1,0,0,0,0
ORD200397,2023-09-28,C30184,1,427.06,987 Main St,TRK86674704,1,427.06,1,9,6.059263372672417,0,0,0,1,0,0,0,0,0,0,0,1,1,0,0,0,0,0,0,0,1,0,0,0,0,1
ORD200398,2024-09-04,C50275,5,53.93,729 Main St,TRK98925264,7,269.65,1,9,5.600826473242987,0,0,0,0,1,0,0,0,0,0,1,0,0,0,0,0,1,0,0,1,0,0,0,0,1,0
ORD200399,2024-01-07,C64641,5,423.93,319 Main St,TRK32012588,5,2119.65,1,1,7.659477924446311,0,0,0,0,0,0,1,0,0,1,0,0,0,0,0,1,0,1,0,0,0,0,1,0,0,0
ORD200400,2024-09-28,C56266,4,160.22,304 Main St,TRK60088901,9,640.88,1,9,6.464401370331159,0,1,0,0,0,0,0,0,0,1,0,0,0,0,0,1,0,0,0,0,1,0,0,0,1,0
ORD200401,2025-04-09,C98635,1,538.68,197 Main St,TRK14225465,6,538.68,0,4,6.29097637131334,0,0,0,0,0,1,0,0,0,1,0,0,0,0,0,1,0,0,1,0,0,0,0,0,0,1
ORD200402,2023-04-09,C83026,5,337.38,858 Main St,TRK79746259,5,1686.9,0,4,7.431240431694882,0,0,0,0,0,1,0,0,0,0,1,0,0,0,0,0,1,0,1,0,0,0,0,0,0,1
ORD200403,2024-11-10,C28893,1,620.21,740 Main St,TRK98333066,1,620.21,1,11,6.4316691890200435,0,0,0,0,0,0,1,0,0,0,0,1,0,0,0,1,0,1,0,0,0,0,0,0,0,1
ORD200404,2023-03-09,C45482,2,99.1,440 Main St,TRK54571699,6,198.2,0,3,5.294309345150498,0,0,0,1,0,0,0,1,0,0,0,0,0,1,0,0,0,0,1,0,0,0,0,0,1,0
ORD200405,2025-01-26,C97774,4,451.97,603 Main St,TRK64664424,7,1807.88,1,1,7.500463148203324,0,0,0,1,0,0,0,0,0,0,0,1,1,0,0,0,0,0,0,0,1,1,0,0,0,0
ORD200406,2023-12-10,C11657,4,66.1,572 Main St,TRK50284486,9,264.4,1,12,5.581238121898107,0,0,0,0,0,0,1,1,0,0,0,0,0,0,0,1,0,0,0,0,1,0,0,1,0,0
ORD200407,2023-08-13,C85993,4,547.32,250 Main St,TRK72547640,8,2189.28,1,8,7.691784668519214,0,0,0,0,0,0,1,1,0,0,0,0,0,0,0,1,0,1,0,0,0,0,0,0,1,0
ORD200408,2025-01-01,C11906,3,412.53,536 Main St,TRK31140158,6,1237.59,1,1,7.121728914839849,0,0,0,0,0,1,0,0,0,0,0,1,0,0,1,0,0,0,0,0,1,0,0,1,0,0
ORD200409,2023-06-28,C45187,5,84.13,767 Main St,TRK12320793,9,420.65,1,6,6.044175586020651,0,1,0,0,0,0,0,0,0,0,0,1,0,1,0,0,0,0,0,1,0,0,0,1,0,0
ORD200410,2024-01-18,C37375,2,518.23,184 Main St,TRK52470162,5,1036.46,0,1,6.944530697144753,0,0,0,0,0,0,1,0,0,1,0,0,0,0,0,0,1,0,1,0,0,1,0,0,0,0
ORD200411,2024-06-19,C66567,2,39.51,981 Main St,TRK21174822,5,79.02,0,6,4.382276603429089,0,1,0,0,0,0,0,0,0,0,0,1,0,0,0,0,1,0,1,0,0,0,1,0,0,0
ORD200412,2025-04-11,C42451,5,133.01,246 Main St,TRK31313343,10,665.05,0,4,6.501364742797472,0,0,0,0,0,0,1,0,1,0,0,0,0,0,0,1,0,0,1,0,0,0,1,0,0,0
ORD200413,2023-10-08,C13923,1,118.8,123 Main St,TRK87598790,6,118.8,1,10,4.785823685681349,0,0,0,0,0,0,1,0,0,0,0,1,0,1,0,0,0,0,0,1,0,1,0,0,0,0
ORD200414,2025-05-04,C11829,2,139.57,797 Main St,TRK84229257,4,279.14,1,5,5.6352894782109,0,1,0,0,0,0,0,1,0,0,0,0,0,1,0,0,0,0,0,0,1,0,1,0,0,0
ORD200415,2025-04-06,C62169,1,184.15,655 Main St,TRK64558985,5,184.15,1,4,5.2211663073596215,1,0,0,0,0,0,0,0,0,0,1,0,0,0,0,0,1,1,0,0,0,0,1,0,0,0
ORD200416,2023-07-18,C20881,2,644.05,652 Main St,TRK26263902,5,1288.1,1,7,7.161699579449059,0,0,1,0,0,0,0,0,0,0,1,0,1,0,0,0,0,0,0,0,1,0,0,0,0,1
ORD200417,2023-10-24,C44492,5,55.41,954 Main St,TRK51429869,5,277.05,0,10,5.627800953633573,0,0,1,0,0,0,0,0,0,0,0,1,1,0,0,0,0,0,1,0,0,0,0,1,0,0
ORD200418,2023-01-11,C74169,1,310.93,862 Main St,TRK66144809,3,310.93,0,1,5.742778803662883,0,0,0,0,0,1,0,0,0,0,0,1,1,0,0,0,0,0,1,0,0,0,1,0,0,0
ORD200419,2024-04-17,C70999,2,216.66,885 Main St,TRK75644156,6,433.32,1,4,6.073781589597195,0,0,0,0,0,0,1,0,0,1,0,0,0,0,1,0,0,1,0,0,0,0,0,0,1,0
ORD200420,2024-11-29,C11921,1,452.7,439 Main St,TRK91362635,5,452.7,1,11,6.117436186669918,0,0,0,0,1,0,0,0,0,1,0,0,0,0,0,0,1,1,0,0,0,0,0,0,1,0
ORD200421,2023-10-15,C50683,2,288.21,769 Main St,TRK53032122,5,576.42,0,10,6.358569904661511,1,0,0,0,0,0,0,0,0,1,0,0,1,0,0,0,0,0,1,0,0,1,0,0,0,0
ORD200422,2023-06-05,C76140,4,206.6,914 Main St,TRK25861469,6,826.4,1,6,6.7182882540273114,0,0,0,0,1,0,0,0,0,0,1,0,0,0,0,1,0,0,0,0,1,0,0,0,0,1
ORD200423,2024-07-20,C94311,4,685.2,195 Main St,TRK97308771,6,2740.8,1,7,7.9163699180018,0,0,0,0,0,1,0,0,0,0,1,0,1,0,0,0,0,0,0,0,1,0,0,1,0,0
ORD200424,2023-04-12,C49491,5,22.94,339 Main St,TRK64012257,10,114.7,0,4,4.751000634199631,1,0,0,0,0,0,0,1,0,0,0,0,0,0,1,0,0,0,1,0,0,1,0,0,0,0
ORD200425,2023-03-09,C40648,2,301.88,488 Main St,TRK25325993,5,603.76,1,3,6.404831685112001,0,0,1,0,0,0,0,0,0,0,1,0,0,0,0,1,0,0,0,0,1,1,0,0,0,0
ORD200426,2025-03-16,C40967,5,57.45,315 Main St,TRK24839296,10,287.25,0,3,5.663828159149168,0,0,0,1,0,0,0,1,0,0,0,0,1,0,0,0,0,0,1,0,0,0,1,0,0,0
ORD200427,2024-12-18,C25406,1,161.24,379 Main St,TRK70952564,3,161.24,1,12,5.089076720402819,0,1,0,0,0,0,0,0,1,0,0,0,0,0,1,0,0,0,0,0,1,0,0,0,1,0
ORD200428,2024-11-26,C77085,4,262.58,895 Main St,TRK57227640,8,1050.32,1,11,6.957801796466272,1,0,0,0,0,0,0,0,0,0,0,1,1,0,0,0,0,0,0,0,1,1,0,0,0,0
ORD200429,2024-12-19,C38126,4,515.19,522 Main St,TRK90838498,9,2060.76,1,12,7.631315265950278,0,0,0,0,0,1,0,0,1,0,0,0,0,0,1,0,0,0,0,1,0,0,1,0,0,0
ORD200430,2023-06-07,C87448,1,450.07,433 Main St,TRK44134016,6,450.07,1,6,6.111622538101768,0,0,0,0,1,0,0,0,0,0,1,0,0,0,0,0,1,1,0,0,0,0,0,1,0,0
ORD200431,2024-10-06,C62312,1,52.54,651 Main St,TRK59623037,6,52.54,1,10,3.9804290380922063,0,0,0,0,0,1,0,0,0,1,0,0,1,0,0,0,0,0,0,0,1,0,1,0,0,0
ORD200432,2023-09-04,C58443,2,424.32,662 Main St,TRK77163738,6,848.64,0,9,6.744812730358684,0,0,0,0,0,0,1,0,1,0,0,0,0,0,0,1,0,0,1,0,0,0,0,0,0,1
ORD200433,2023-08-26,C36613,3,631.64,785 Main St,TRK13282106,3,1894.92,1,8,7.5474594878319445,0,0,0,1,0,0,0,0,1,0,0,0,0,0,0,1,0,1,0,0,0,0,1,0,0,0
ORD200434,2023-10-22,C73893,5,327.68,384 Main St,TRK85939879,6,1638.4,0,10,7.40208560021893,0,0,0,0,0,1,0,0,1,0,0,0,0,0,0,1,0,0,1,0,0,0,1,0,0,0
ORD200435,2023-05-27,C48601,1,414.47,101 Main St,TRK97868309,3,414.47,1,5,6.029410409522736,0,0,0,0,0,1,0,0,0,1,0,0,0,0,0,1,0,1,0,0,0,0,0,0,1,0
ORD200436,2023-02-11,C14568,4,221.33,651 Main St,TRK73545796,5,885.32,0,2,6.787078059212417,0,0,1,0,0,0,0,0,0,0,0,1,0,0,1,0,0,0,1,0,0,0,0,1,0,0
ORD200437,2024-04-18,C63378,1,512.39,955 Main St,TRK20863705,2,512.39,1,4,6.24103579025747,0,0,0,0,1,0,0,0,0,0,0,1,0,1,0,0,0,1,0,0,0,0,0,0,1,0
ORD200438,2025-01-03,C77800,3,459.34,436 Main St,TRK27439574,3,1378.02,1,1,7.229128380951365,0,0,0,0,0,0,1,0,0,0,1,0,0,0,1,0,0,0,0,1,0,0,0,0,1,0
ORD200439,2024-09-08,C91155,1,146.32,321 Main St,TRK36260319,4,146.32,1,9,4.992607091576865,0,0,0,0,0,0,1,0,0,0,0,1,0,0,0,0,1,0,0,0,1,0,1,0,0,0
ORD200440,2024-11-05,C60215,4,83.6,978 Main St,TRK31727767,4,334.4,1,11,5.815323849389109,0,1,0,0,0,0,0,0,0,1,0,0,0,0,1,0,0,0,0,1,0,0,1,0,0,0
ORD200441,2023-12-13,C52915,2,328.54,475 Main St,TRK79466982,6,657.08,1,12,6.489326504482114,0,0,0,0,0,1,0,0,0,0,1,0,0,0,0,1,0,1,0,0,0,1,0,0,0,0
ORD200442,2024-05-06,C72588,5,314.94,661 Main St,TRK43410829,8,1574.7,1,5,7.362454896968,1,0,0,0,0,0,0,1,0,0,0,0,0,0,1,0,0,0,0,1,0,0,0,0,1,0
ORD200443,2024-05-14,C61668,2,69.64,813 Main St,TRK58970302,6,139.28,0,5,4.943640425271977,1,0,0,0,0,0,0,1,0,0,0,0,0,0,0,1,0,0,1,0,0,0,1,0,0,0
ORD200444,2024-06-08,C79508,1,135.17,585 Main St,TRK61882353,6,135.17,1,6,4.913904105136484,0,0,0,0,0,1,0,0,0,0,0,1,0,0,0,0,1,1,0,0,0,0,0,0,1,0
ORD200445,2024-03-23,C94569,1,487.21,227 Main St,TRK31351770,3,487.21,1,3,6.190745641157517,0,0,0,0,1,0,0,1,0,0,0,0,0,1,0,0,0,0,0,1,0,0,0,0,0,1
ORD200446,2023-10-18,C89592,5,509.58,262 Main St,TRK49442402,6,2547.9,1,10,7.843417172535549,0,0,1,0,0,0,0,0,0,0,0,1,0,1,0,0,0,1,0,0,0,0,0,0,1,0
ORD200447,2024-04-07,C48207,2,416.81,356 Main St,TRK45355655,2,833.62,0,4,6.726976531445696,0,0,0,0,0,1,0,1,0,0,0,0,0,0,0,1,0,0,1,0,0,0,1,0,0,0
ORD200448,2023-09-04,C16776,2,160.0,854 Main St,TRK12860600,4,320.0,1,9,5.771441123130016,0,0,1,0,0,0,0,1,0,0,0,0,0,0,1,0,0,0,0,1,0,0,0,0,1,0
ORD200449,2024-08-26,C91518,3,253.05,286 Main St,TRK48688724,3,759.1500000000001,0,8,6.633515782226845,0,0,0,0,0,0,1,0,0,0,0,1,0,0,1,0,0,0,1,0,0,0,0,0,1,0
ORD200450,2024-01-15,C36408,5,615.1,160 Main St,TRK94023253,10,3075.5,1,1,8.031547866180546,0,0,0,1,0,0,0,0,0,0,1,0,0,0,0,1,0,0,0,0,1,0,0,0,1,0
ORD200451,2023-04-01,C14837,1,183.18,647 Main St,TRK17501136,6,183.18,1,4,5.215913540293221,0,0,0,1,0,0,0,0,0,1,0,0,1,0,0,0,0,0,0,1,0,1,0,0,0,0
ORD200452,2023-07-23,C36467,1,75.78,581 Main St,TRK20863987,5,75.78,1,7,4.340944189572651,0,0,0,0,0,1,0,1,0,0,0,0,0,0,1,0,0,0,0,1,0,0,0,1,0,0
ORD200453,2025-05-02,C15017,1,675.57,492 Main St,TRK51241924,1,675.57,1,5,6.517035916019813,0,0,0,0,0,0,1,1,0,0,0,0,0,0,0,0,1,0,0,0,1,0,1,0,0,0
ORD200454,2024-11-27,C54759,1,109.29,686 Main St,TRK75583042,5,109.29,1,11,4.703113260318055,0,0,1,0,0,0,0,0,0,1,0,0,1,0,0,0,0,1,0,0,0,0,0,1,0,0
ORD200455,2024-03-26,C58341,1,639.83,874 Main St,TRK32856728,2,639.83,1,3,6.462764211137693,0,0,0,0,1,0,0,0,0,1,0,0,0,0,1,0,0,0,0,1,0,0,0,0,0,1
ORD200456,2023-06-26,C94479,5,62.81,259 Main St,TRK69089975,9,314.05,1,6,5.752731356388065,0,1,0,0,0,0,0,0,1,0,0,0,0,0,0,0,1,0,0,1,0,0,1,0,0,0
ORD200457,2025-05-25,C50236,4,615.83,545 Main St,TRK67692578,4,2463.32,1,5,7.809671186350886,0,1,0,0,0,0,0,0,0,0,0,1,0,0,0,1,0,0,0,0,1,0,0,0,1,0
ORD200458,2024-07-02,C31412,4,510.58,196 Main St,TRK61946127,7,2042.32,1,7,7.622331214955376,0,0,0,1,0,0,0,0,1,0,0,0,0,0,0,1,0,0,0,0,1,1,0,0,0,0
ORD200459,2024-07-24,C90142,1,334.39,433 Main St,TRK39717191,2,334.39,0,7,5.8152940337985335,0,1,0,0,0,0,0,0,1,0,0,0,0,0,0,1,0,0,1,0,0,0,0,0,1,0
ORD200460,2024-10-06,C83548,1,144.25,474 Main St,TRK93822942,2,144.25,1,10,4.978456395732021,0,0,1,0,0,0,0,1,0,0,0,0,0,0,0,1,0,0,0,0,1,0,0,0,0,1
ORD200461,2024-06-08,C29697,1,401.82,407 Main St,TRK47776482,5,401.82,1,6,5.998489812044735,0,0,0,0,0,0,1,0,1,0,0,0,0,0,0,0,1,1,0,0,0,0,0,1,0,0
ORD200462,2025-03-31,C22991,1,252.68,731 Main St,TRK32796086,1,252.68,0,3,5.536073630230092,0,0,0,0,1,0,0,0,0,0,0,1,1,0,0,0,0,0,1,0,0,0,0,0,0,1
ORD200463,2023-05-26,C25276,5,662.78,214 Main St,TRK14011732,9,3313.9,1,5,8.106182736252444,0,0,1,0,0,0,0,0,0,1,0,0,0,0,0,0,1,0,0,1,0,0,0,0,1,0
ORD200464,2023-03-14,C39176,4,434.42,739 Main St,TRK71418686,6,1737.68,1,3,7.460881483620631,0,0,0,0,0,0,1,0,0,0,0,1,1,0,0,0,0,1,0,0,0,0,0,1,0,0
ORD200465,2024-02-26,C58773,5,513.49,391 Main St,TRK65438300,8,2567.45,0,2,7.85105788310309,0,0,0,0,0,1,0,0,0,0,1,0,1,0,0,0,0,0,1,0,0,0,0,1,0,0
ORD200466,2023-07-18,C37412,1,432.47,895 Main St,TRK97829604,4,432.47,1,7,6.07182258967363,0,0,0,0,1,0,0,1,0,0,0,0,0,1,0,0,0,1,0,0,0,0,0,0,0,1
ORD200467,2024-08-30,C36492,1,45.94,572 Main St,TRK44350440,2,45.94,1,8,3.8488701904228773,0,1,0,0,0,0,0,1,0,0,0,0,1,0,0,0,0,0,0,0,1,1,0,0,0,0
ORD200468,2025-06-21,C90110,1,418.36,998 Main St,TRK60203957,5,418.36,1,6,6.038729739575096,0,0,0,0,1,0,0,0,1,0,0,0,0,1,0,0,0,1,0,0,0,1,0,0,0,0
ORD200469,2023-11-26,C13877,5,676.98,893 Main St,TRK17254691,5,3330.4075,0,11,8.111150166346231,1,0,0,0,0,0,0,1,0,0,0,0,1,0,0,0,0,0,1,0,0,0,1,0,0,0
ORD200470,2023-09-29,C25149,4,263.62,672 Main St,TRK33538608,5,1054.48,1,9,6.961750918743149,0,0,0,0,0,0,1,1,0,0,0,0,0,0,0,0,1,0,0,1,0,1,0,0,0,0
ORD200471,2025-04-19,C52717,5,551.27,395 Main St,TRK27625571,7,2756.35,1,4,7.9220253525492605,0,1,0,0,0,0,0,0,0,0,0,1,1,0,0,0,0,1,0,0,0,0,0,0,0,1
ORD200472,2023-01-06,C60029,3,508.12,796 Main St,TRK86461316,8,1524.36,1,1,7.329985726756189,1,0,0,0,0,0,0,0,1,0,0,0,1,0,0,0,0,1,0,0,0,0,0,0,0,1
ORD200473,2025-02-25,C28552,2,14.93,449 Main St,TRK71597160,4,29.86,0,2,3.4294608469350147,1,0,0,0,0,0,0,0,0,0,0,1,0,0,0,0,1,0,1,0,0,0,1,0,0,0
ORD200474,2023-11-15,C72293,3,229.34,398 Main St,TRK84378003,6,688.02,1,11,6.535270298168564,0,0,0,0,0,1,0,0,1,0,0,0,0,0,0,0,1,0,0,1,0,0,0,0,0,1
ORD200475,2025-04-19,C29844,2,438.62,363 Main St,TRK91642337,3,877.24,1,4,6.777919904801579,0,0,0,0,0,0,1,1,0,0,0,0,1,0,0,0,0,0,0,1,0,0,1,0,0,0
ORD200476,2024-01-15,C77872,2,513.59,867 Main St,TRK19292184,4,1027.18,1,1,6.935545527963636,0,0,0,0,1,0,0,0,0,0,0,1,0,0,0,1,0,1,0,0,0,0,0,0,0,1
ORD200477,2025-03-05,C56564,2,253.74,481 Main St,TRK13166044,5,507.48,1,3,6.231425883348352,0,0,0,0,1,0,0,0,0,0,0,1,0,0,0,0,1,0,0,1,0,0,0,1,0,0
ORD200478,2024-11-01,C16758,3,62.77,914 Main St,TRK88544431,6,188.31,1,11,5.243385883021818,0,0,0,0,0,0,1,0,0,0,1,0,0,0,0,0,1,1,0,0,0,0,0,0,0,1
ORD200479,2023-02-18,C87011,4,25.29,943 Main St,TRK21429162,8,101.16,0,2,4.626540211724284,0,0,0,1,0,0,0,0,1,0,0,0,0,0,1,0,0,0,1,0,0,0,0,1,0,0
ORD200480,2023-06-16,C21147,1,335.1,126 Main St,TRK93171043,6,335.1,1,6,5.81740873473106,1,0,0,0,0,0,0,0,0,1,0,0,0,0,1,0,0,1,0,0,0,0,0,0,0,1
ORD200481,2023-04-23,C94568,4,484.85,317 Main St,TRK58653915,5,1939.4,1,4,7.570649416371062,0,0,1,0,0,0,0,0,0,1,0,0,0,1,0,0,0,0,0,0,1,0,0,0,0,1
ORD200482,2025-03-02,C35852,3,381.41,989 Main St,TRK22302049,6,1144.23,0,3,7.043360769178433,0,0,0,1,0,0,0,0,0,0,0,1,0,0,1,0,0,0,1,0,0,0,0,0,1,0
ORD200483,2023-01-18,C66462,5,347.92,982 Main St,TRK52743700,6,1739.6,1,1,7.461985160355414,0,0,0,0,1,0,0,1,0,0,0,0,0,0,1,0,0,0,0,0,1,0,0,1,0,0
ORD200484,2024-05-29,C29092,4,15.01,767 Main St,TRK90455340,6,60.04,0,5,4.111529386976201,1,0,0,0,0,0,0,1,0,0,0,0,1,0,0,0,0,0,1,0,0,0,1,0,0,0
ORD200485,2023-08-01,C46651,3,404.79,764 Main St,TRK67679195,6,1214.37,1,8,7.102803836164761,1,0,0,0,0,0,0,1,0,0,0,0,0,0,0,0,1,0,0,1,0,0,0,0,1,0
ORD200486,2023-02-03,C88981,4,611.26,558 Main St,TRK75267873,5,2445.04,1,2,7.8022256693431675,0,0,0,0,0,1,0,1,0,0,0,0,0,0,0,0,1,0,0,1,0,0,0,0,0,1
ORD200487,2023-03-09,C40136,3,346.52,211 Main St,TRK92924852,3,1039.56,1,3,6.947514308755485,0,0,0,0,0,1,0,0,1,0,0,0,0,0,1,0,0,0,0,1,0,0,0,1,0,0
ORD200488,2024-12-05,C81573,1,36.65,556 Main St,TRK96522994,1,36.65,1,12,3.6283329542459026,1,0,0,0,0,0,0,0,0,0,0,1,1,0,0,0,0,0,0,0,1,1,0,0,0,0
ORD200489,2023-09-05,C11940,3,149.34,589 Main St,TRK85466461,7,448.02,1,9,6.107067430180069,0,0,0,0,0,0,1,0,0,0,1,0,1,0,0,0,0,0,0,0,1,1,0,0,0,0
ORD200490,2024-07-22,C50097,5,467.81,539 Main St,TRK62785150,10,2339.05,0,7,7.757927575644833,1,0,0,0,0,0,0,0,0,0,0,1,1,0,0,0,0,0,1,0,0,0,1,0,0,0
ORD200491,2023-01-05,C98168,5,420.7,481 Main St,TRK56423359,5,2103.5,1,1,7.651833188210626,0,0,0,0,1,0,0,1,0,0,0,0,0,0,1,0,0,0,0,0,1,0,1,0,0,0
ORD200492,2023-10-25,C39074,5,606.52,103 Main St,TRK13027036,6,3032.6,1,10,8.017505312060702,0,0,1,0,0,0,0,0,0,1,0,0,0,0,0,0,1,0,0,1,0,0,0,0,1,0
ORD200493,2025-01-28,C84908,1,420.26,372 Main St,TRK64135970,4,420.26,1,1,6.043250220257212,0,0,0,0,1,0,0,0,1,0,0,0,0,0,1,0,0,1,0,0,0,0,1,0,0,0
ORD200494,2023-07-19,C64516,3,505.79,459 Main St,TRK63920573,3,1517.37,1,7,7.325392670020858,0,0,1,0,0,0,0,0,0,1,0,0,0,0,1,0,0,1,0,0,0,0,0,0,0,1
ORD200495,2025-06-05,C63827,4,493.73,947 Main St,TRK35730581,6,1974.92,1,6,7.58878939165828,0,0,0,0,1,0,0,0,0,1,0,0,0,0,1,0,0,0,0,1,0,0,1,0,0,0
ORD200496,2025-03-14,C93618,3,201.21,249 Main St,TRK66129326,3,603.63,1,3,6.4046167006975425,0,0,0,0,0,1,0,0,0,0,0,1,1,0,0,0,0,0,0,1,0,0,0,1,0,0
ORD200497,2024-10-24,C93948,3,112.29,454 Main St,TRK77358113,6,336.87,0,10,5.822661206114936,0,0,0,0,0,1,0,0,0,0,1,0,0,0,0,0,1,0,1,0,0,0,0,1,0,0
ORD200498,2023-07-12,C73961,4,132.56,306 Main St,TRK32607173,8,530.24,1,7,6.27521389653205,0,0,0,0,0,0,1,1,0,0,0,0,0,0,0,1,0,0,0,0,1,0,0,0,1,0
ORD200499,2023-04-06,C18138,3,539.46,520 Main St,TRK20289483,4,1618.38,1,4,7.389798638922569,0,0,0,0,0,1,0,0,1,0,0,0,0,0,0,0,1,0,0,1,0,0,1,0,0,0
ORD200500,2024-04-07,C79475,5,508.59,169 Main St,TRK42168516,8,2542.95,1,4,7.841473270178819,0,0,1,0,0,0,0,1,0,0,0,0,0,0,0,1,0,0,0,0,1,0,1,0,0,0
ORD200501,2024-02-04,C88546,4,203.46,226 Main St,TRK19867754,7,813.84,1,2,6.702991774949357,0,1,0,0,0,0,0,0,1,0,0,0,0,0,1,0,0,0,0,1,0,0,0,0,0,1
ORD200502,2023-05-20,C69332,3,565.25,745 Main St,TRK65718848,7,1695.75,1,5,7.436469935583868,0,0,0,1,0,0,0,0,0,1,0,0,0,0,0,1,0,0,0,1,0,1,0,0,0,0
ORD200503,2023-08-31,C64554,3,136.84,498 Main St,TRK95384568,4,410.52,1,8,6.0198576216092,0,0,0,0,0,0,1,0,0,0,0,1,0,0,1,0,0,1,0,0,0,0,1,0,0,0
ORD200504,2025-06-11,C11676,2,464.5,805 Main St,TRK35726395,2,929.0,1,6,6.835184586147301,0,0,0,1,0,0,0,0,0,0,0,1,1,0,0,0,0,0,0,0,1,0,0,0,1,0
ORD200505,2023-06-11,C36014,2,434.97,558 Main St,TRK97246526,7,869.94,0,6,6.769573088142187,0,0,0,0,0,1,0,0,0,0,0,1,0,0,0,0,1,0,1,0,0,1,0,0,0,0
ORD200506,2023-07-25,C23279,2,43.67,696 Main St,TRK58039693,4,87.34,1,7,4.481193006168381,0,0,0,1,0,0,0,1,0,0,0,0,0,0,0,1,0,0,0,0,1,0,0,0,1,0
ORD200507,2023-07-05,C86481,1,171.59,546 Main St,TRK87513944,5,171.59,1,7,5.150918839543312,0,0,0,0,1,0,0,0,1,0,0,0,0,0,1,0,0,0,0,0,1,1,0,0,0,0
ORD200508,2025-05-14,C39550,1,558.27,976 Main St,TRK24120267,1,558.27,0,5,6.326632361912281,0,0,0,0,1,0,0,0,0,0,0,1,0,1,0,0,0,0,1,0,0,0,0,0,0,1
ORD200509,2023-02-15,C68937,2,425.03,560 Main St,TRK31908657,2,850.06,1,2,6.74648263137589,0,0,1,0,0,0,0,1,0,0,0,0,0,0,0,1,0,0,0,0,1,0,0,1,0,0
ORD200510,2024-12-16,C72533,1,376.76,389 Main St,TRK51288986,5,376.76,1,12,5.934259073337203,0,0,0,0,0,1,0,0,0,1,0,0,0,1,0,0,0,0,0,1,0,1,0,0,0,0
ORD200511,2024-03-15,C11415,5,575.24,267 Main St,TRK65061457,7,2876.2,1,3,7.964572877993201,0,0,0,1,0,0,0,1,0,0,0,0,0,1,0,0,0,0,0,0,1,1,0,0,0,0
ORD200512,2024-09-27,C14114,3,568.02,856 Main St,TRK63290700,3,1704.06,1,9,7.441355579714278,0,1,0,0,0,0,0,0,0,0,0,1,0,0,1,0,0,1,0,0,0,0,0,0,1,0
ORD200513,2025-02-09,C64128,3,94.88,533 Main St,TRK37053575,8,284.64,0,2,5.654732276680909,0,0,0,0,0,0,1,0,0,0,1,0,0,0,0,0,1,0,1,0,0,0,0,0,0,1
ORD200514,2023-04-16,C15629,3,304.15,492 Main St,TRK64926044,3,912.45,1,4,6.817228639782579,0,0,0,0,0,1,0,0,0,0,1,0,0,0,0,0,1,0,0,0,1,0,0,0,1,0
ORD200515,2023-03-14,C67561,3,553.52,160 Main St,TRK75900717,4,1660.56,1,3,7.415512199089664,0,0,0,0,1,0,0,0,0,0,1,0,0,0,0,0,1,1,0,0,0,0,1,0,0,0
ORD200516,2024-04-07,C47022,3,166.99,208 Main St,TRK28855040,8,500.97,0,4,6.218540356949797,0,0,0,1,0,0,0,1,0,0,0,0,0,0,0,1,0,0,1,0,0,0,1,0,0,0
ORD200517,2024-04-09,C55205,4,198.35,943 Main St,TRK88141634,7,793.4,1,4,6.677587112730963,0,0,0,0,0,0,1,1,0,0,0,0,1,0,0,0,0,1,0,0,0,0,0,1,0,0
ORD200518,2025-06-13,C30686,4,403.58,319 Main St,TRK59807273,9,1614.32,1,6,7.387288358444002,0,0,0,0,0,1,0,0,0,0,0,1,0,0,1,0,0,0,0,1,0,0,0,0,0,1
ORD200519,2025-05-10,C71797,4,464.29,941 Main St,TRK66010667,5,1857.16,1,5,7.527342029767362,0,0,1,0,0,0,0,0,0,1,0,0,0,0,0,1,0,0,0,1,0,1,0,0,0,0
ORD200520,2023-03-10,C66332,3,635.98,959 Main St,TRK27063398,5,1907.94,0,3,7.554303393163714,0,0,0,1,0,0,0,1,0,0,0,0,0,0,0,1,0,0,1,0,0,0,0,0,0,1
ORD200521,2024-02-25,C82318,1,528.06,991 Main St,TRK37534165,2,528.06,0,2,6.271101846976656,0,0,0,0,1,0,0,0,1,0,0,0,0,0,0,0,1,0,1,0,0,0,1,0,0,0
ORD200522,2024-04-20,C66254,1,515.32,740 Main St,TRK82843861,1,515.32,1,4,6.246726728303652,1,0,0,0,0,0,0,0,0,0,1,0,1,0,0,0,0,1,0,0,0,1,0,0,0,0
ORD200523,2025-02-18,C65083,4,657.79,652 Main St,TRK60937148,6,2631.16,1,2,7.87556008087111,0,1,0,0,0,0,0,0,1,0,0,0,0,0,0,1,0,0,0,0,1,0,0,1,0,0
ORD200524,2023-10-25,C44778,1,153.0,103 Main St,TRK92617366,4,153.0,0,10,5.0369526024136295,0,0,0,0,1,0,0,0,1,0,0,0,0,0,0,1,0,0,1,0,0,0,0,0,0,1
ORD200525,2023-12-03,C54499,1,668.48,160 Main St,TRK18061555,1,668.48,1,12,6.506501291645438,0,0,0,1,0,0,0,0,0,1,0,0,0,0,0,0,1,0,0,1,0,1,0,0,0,0
ORD200526,2024-02-29,C91201,2,46.5,837 Main St,TRK63526023,7,93.0,1,2,4.543294782270004,0,1,0,0,0,0,0,1,0,0,0,0,0,0,0,1,0,0,0,0,1,0,0,1,0,0
ORD200527,2024-08-19,C27202,5,653.47,967 Main St,TRK75406128,10,3267.35,1,8,8.092040549388397,1,0,0,0,0,0,0,0,1,0,0,0,1,0,0,0,0,0,0,1,0,0,0,0,0,1
ORD200528,2025-02-26,C32011,1,628.89,686 Main St,TRK70997744,2,628.89,1,2,6.445545200966066,1,0,0,0,0,0,0,0,1,0,0,0,0,0,0,1,0,0,0,1,0,0,0,0,0,1
ORD200529,2024-04-07,C21181,2,675.1,938 Main St,TRK50363421,4,1350.2,1,4,7.20874836549359,0,0,0,0,0,0,1,1,0,0,0,0,0,0,1,0,0,1,0,0,0,0,0,1,0,0
ORD200530,2024-07-18,C98450,4,89.41,613 Main St,TRK14809530,9,357.64,0,7,5.882319099847184,1,0,0,0,0,0,0,0,0,0,0,1,0,0,1,0,0,0,1,0,0,0,0,1,0,0
ORD200531,2024-07-02,C64502,5,320.01,722 Main St,TRK14914388,6,1600.05,0,7,7.378414942990003,0,1,0,0,0,0,0,0,0,0,1,0,0,1,0,0,0,0,1,0,0,0,0,0,0,1
ORD200532,2025-05-03,C47365,2,41.0,369 Main St,TRK42207882,7,82.0,0,5,4.418840607796598,0,0,1,0,0,0,0,0,0,0,0,1,0,1,0,0,0,0,1,0,0,1,0,0,0,0
ORD200533,2023-03-05,C66349,1,565.85,715 Main St,TRK63550793,1,565.85,1,3,6.340094718463607,0,1,0,0,0,0,0,0,0,0,1,0,0,0,0,1,0,1,0,0,0,0,1,0,0,0
ORD200534,2024-06-06,C73289,3,648.59,906 Main St,TRK70872738,4,1945.77,1,6,7.573926867937134,1,0,0,0,0,0,0,0,0,1,0,0,1,0,0,0,0,0,0,1,0,1,0,0,0,0
ORD200535,2024-07-24,C48649,3,68.12,332 Main St,TRK45821445,3,204.36,1,7,5.324764536562885,0,0,0,1,0,0,0,0,0,0,0,1,1,0,0,0,0,1,0,0,0,1,0,0,0,0
ORD200536,2024-06-09,C18724,1,616.1,124 Main St,TRK52508861,6,616.1,0,6,6.425031085327022,1,0,0,0,0,0,0,1,0,0,0,0,0,0,0,1,0,0,1,0,0,1,0,0,0,0
ORD200537,2025-03-23,C68553,3,247.47,385 Main St,TRK58218971,4,742.41,1,3,6.611247709481045,0,0,0,0,0,0,1,0,0,0,0,1,0,1,0,0,0,0,0,1,0,0,1,0,0,0
ORD200538,2024-05-24,C61280,3,490.74,100 Main St,TRK95487711,3,1472.22,1,5,7.295205760367979,0,0,0,0,1,0,0,1,0,0,0,0,0,0,0,0,1,0,0,0,1,1,0,0,0,0
ORD200539,2025-02-18,C53277,3,531.72,473 Main St,TRK17653832,7,1595.16,1,2,7.3753560236115625,0,1,0,0,0,0,0,0,0,0,1,0,0,1,0,0,0,0,0,1,0,0,0,1,0,0
ORD200540,2024-01-29,C87281,5,648.65,852 Main St,TRK81765057,7,3243.25,0,1,8.08463947761734,0,0,1,0,0,0,0,0,0,0,0,1,0,0,1,0,0,0,1,0,0,0,0,0,0,1
ORD200541,2023-08-07,C69009,5,456.06,879 Main St,TRK61295842,10,2280.3,0,8,7.732500734898829,0,0,0,0,0,1,0,1,0,0,0,0,0,0,1,0,0,0,1,0,0,0,0,0,1,0
ORD200542,2023-11-14,C49726,1,17.98,934 Main St,TRK20739460,6,17.98,1,11,2.9433857931817817,0,0,0,0,0,0,1,1,0,0,0,0,1,0,0,0,0,1,0,0,0,1,0,0,0,0
ORD200543,2024-03-09,C37531,5,269.86,354 Main St,TRK93877673,6,1349.3,1,3,7.208082068966997,0,1,0,0,0,0,0,1,0,0,0,0,0,0,0,0,1,0,0,0,1,0,1,0,0,0
ORD200544,2024-03-10,C48713,5,31.96,373 Main St,TRK96334419,5,159.8,1,3,5.080161356744866,0,0,0,0,0,1,0,0,1,0,0,0,0,0,0,1,0,1,0,0,0,0,0,0,0,1
ORD200545,2023-12-19,C74138,2,98.47,964 Main St,TRK74091695,3,196.94,0,12,5.287963954468545,0,0,0,1,0,0,0,1,0,0,0,0,0,0,0,1,0,0,1,0,0,0,0,0,1,0
ORD200546,2024-03-01,C82399,1,158.68,928 Main St,TRK77177284,6,158.68,1,3,5.073171812563154,0,0,0,1,0,0,0,0,1,0,0,0,0,0,0,1,0,0,0,0,1,0,0,0,1,0
ORD200547,2023-08-20,C40427,1,613.98,411 Main St,TRK25392280,4,613.98,1,8,6.421589746952518,0,0,0,0,1,0,0,0,0,0,0,1,0,1,0,0,0,1,0,0,0,0,1,0,0,0
ORD200548,2024-01-05,C17103,3,426.12,922 Main St,TRK64398650,5,1278.36,1,1,7.15411523187198,0,0,0,0,0,1,0,0,0,0,0,1,0,1,0,0,0,0,0,0,1,0,0,0,1,0
ORD200549,2025-02-25,C34266,4,629.88,550 Main St,TRK56378197,8,2519.52,1,2,7.832220508424749,0,0,0,1,0,0,0,0,0,1,0,0,1,0,0,0,0,0,0,0,1,0,0,0,1,0
ORD200550,2023-10-29,C97485,4,228.91,573 Main St,TRK81794737,4,915.64,1,10,6.8207148106602675,0,0,1,0,0,0,0,1,0,0,0,0,0,0,0,0,1,1,0,0,0,0,0,1,0,0
ORD200551,2023-05-18,C23947,1,120.98,353 Main St,TRK74812710,6,120.98,1,5,4.8038570968683105,0,0,1,0,0,0,0,0,0,1,0,0,0,1,0,0,0,0,0,0,1,1,0,0,0,0
ORD200552,2023-09-30,C21665,4,425.18,560 Main St,TRK29890761,8,1700.72,1,9,7.439394783261255,1,0,0,0,0,0,0,0,0,0,0,1,0,0,0,1,0,0,0,0,1,0,1,0,0,0
ORD200553,2023-08-23,C82550,2,333.83,828 Main St,TRK74103758,4,667.66,1,8,6.505275709714339,0,0,0,0,1,0,0,0,0,0,1,0,1,0,0,0,0,1,0,0,0,0,0,0,0,1
ORD200554,2025-05-30,C61943,2,492.9,610 Main St,TRK66126496,5,985.8,1,5,6.894467384655202,0,0,1,0,0,0,0,1,0,0,0,0,0,0,0,1,0,1,0,0,0,0,0,0,1,0
ORD200555,2023-01-07,C88933,1,92.04,333 Main St,TRK89306964,2,92.04,0,1,4.533029508210409,0,0,0,0,0,0,1,1,0,0,0,0,0,0,0,0,1,0,1,0,0,0,1,0,0,0
ORD200556,2023-01-28,C30923,1,654.27,932 Main St,TRK82609328,2,654.27,1,1,6.485047364438967,0,0,1,0,0,0,0,0,0,0,1,0,0,0,1,0,0,0,0,1,0,0,1,0,0,0
ORD200557,2023-06-29,C56969,1,56.2,130 Main St,TRK40719215,1,56.2,1,6,4.046553898385752,0,0,0,0,0,0,1,0,0,1,0,0,0,0,1,0,0,0,0,0,1,0,1,0,0,0
ORD200558,2024-07-16,C76766,4,628.12,485 Main St,TRK32052962,6,2512.48,1,7,7.829423526068946,0,0,0,0,1,0,0,0,0,0,0,1,0,1,0,0,0,0,0,0,1,0,0,0,1,0
ORD200559,2024-04-15,C22981,3,157.4,454 Main St,TRK10115285,7,472.2,1,4,6.159518132104232,0,1,0,0,0,0,0,0,0,1,0,0,1,0,0,0,0,0,0,0,1,1,0,0,0,0
ORD200560,2023-01-31,C33634,4,588.85,524 Main St,TRK93168008,7,2355.4,0,1,7.764890309647532,0,0,0,1,0,0,0,0,0,0,1,0,0,0,1,0,0,0,1,0,0,1,0,0,0,0
ORD200561,2023-01-31,C96822,2,494.78,198 Main St,TRK89180077,2,989.56,0,1,6.898270439770922,0,0,0,0,0,1,0,0,0,0,0,1,0,0,0,0,1,0,1,0,0,0,0,1,0,0
ORD200562,2023-10-06,C76675,3,663.93,922 Main St,TRK28043915,6,1991.79,1,10,7.597290945870346,0,0,1,0,0,0,0,0,0,0,1,0,0,0,0,1,0,1,0,0,0,1,0,0,0,0
ORD200563,2023-12-12,C12039,1,132.68,844 Main St,TRK68645763,1,132.68,1,12,4.895448884287139,0,0,1,0,0,0,0,0,0,1,0,0,0,0,0,1,0,0,0,1,0,0,0,0,0,1
ORD200564,2025-04-08,C93309,5,364.28,734 Main St,TRK99446987,5,1821.4,1,4,7.507909592692918,0,1,0,0,0,0,0,0,1,0,0,0,1,0,0,0,0,0,0,0,1,0,0,1,0,0
ORD200565,2023-05-14,C62042,5,307.98,214 Main St,TRK42605492,10,1539.9,0,5,7.3401219402878075,0,0,0,0,0,0,1,0,0,0,0,1,0,0,1,0,0,0,1,0,0,0,1,0,0,0
ORD200566,2024-04-18,C83223,4,162.71,167 Main St,TRK54339083,7,650.84,1,4,6.4797991330384415,0,0,0,0,1,0,0,1,0,0,0,0,1,0,0,0,0,1,0,0,0,1,0,0,0,0
ORD200567,2024-09-30,C92575,5,492.94,153 Main St,TRK53579227,10,2464.7,1,9,7.810231021822564,1,0,0,0,0,0,0,1,0,0,0,0,0,0,0,0,1,1,0,0,0,1,0,0,0,0
ORD200568,2023-03-10,C29072,2,343.99,312 Main St,TRK72334047,4,687.98,0,3,6.5352122430161526,0,0,1,0,0,0,0,0,0,0,0,1,0,1,0,0,0,0,1,0,0,0,0,1,0,0
ORD200569,2025-03-22,C25783,5,250.68,672 Main St,TRK13289741,8,1253.4,1,3,7.134412649596143,0,1,0,0,0,0,0,1,0,0,0,0,0,0,0,0,1,0,0,1,0,0,0,0,1,0
ORD200570,2024-12-27,C63727,2,362.14,122 Main St,TRK13611021,2,724.28,1,12,6.586557787192539,0,1,0,0,0,0,0,0,0,1,0,0,0,0,1,0,0,0,0,1,0,0,0,0,1,0
ORD200571,2024-11-23,C42365,1,214.08,867 Main St,TRK39563288,2,214.08,1,11,5.371010051941477,0,0,0,0,0,0,1,0,0,0,1,0,0,0,0,1,0,0,0,0,1,0,0,1,0,0
ORD200572,2023-11-11,C27438,1,70.32,341 Main St,TRK69125497,4,70.32,1,11,4.267176792994939,0,0,0,0,0,1,0,1,0,0,0,0,0,0,0,1,0,0,0,0,1,0,1,0,0,0
ORD200573,2023-01-25,C13205,5,421.42,522 Main St,TRK30686578,7,2107.1,0,1,7.653542346866262,1,0,0,0,0,0,0,0,0,1,0,0,1,0,0,0,0,0,1,0,0,0,0,0,1,0
ORD200574,2024-01-24,C29685,5,384.69,275 Main St,TRK97733212,6,1923.45,1,1,7.562395491612068,1,0,0,0,0,0,0,0,1,0,0,0,0,0,1,0,0,1,0,0,0,1,0,0,0,0
ORD200575,2023-06-07,C74005,5,448.15,528 Main St,TRK61640534,7,2240.75,1,6,7.715012089832157,1,0,0,0,0,0,0,0,0,0,1,0,0,0,0,1,0,0,0,1,0,0,0,1,0,0
ORD200576,2024-05-29,C14457,5,79.08,747 Main St,TRK42517811,8,395.4,0,5,5.982423802455833,0,0,1,0,0,0,0,1,0,0,0,0,0,0,1,0,0,0,1,0,0,0,1,0,0,0
ORD200577,2023-01-22,C77046,4,185.41,967 Main St,TRK44401497,9,741.64,1,1,6.610211405091677,0,0,0,0,0,0,1,0,0,0,0,1,0,0,0,1,0,0,0,0,1,0,0,1,0,0
ORD200578,2024-10-10,C50415,5,566.07,587 Main St,TRK41345634,6,2830.35,1,10,7.948508908695905,0,0,0,1,0,0,0,0,1,0,0,0,0,1,0,0,0,0,0,1,0,0,0,0,1,0
ORD200579,2023-06-04,C73999,2,187.88,413 Main St,TRK67919507,4,375.76,1,6,5.931608379954616,0,0,0,0,0,0,1,0,0,0,0,1,0,0,0,0,1,0,0,0,1,0,1,0,0,0
ORD200580,2023-11-14,C71076,2,255.99,340 Main St,TRK65148292,4,511.98,1,11,6.240236858056006,0,0,0,1,0,0,0,0,1,0,0,0,0,1,0,0,0,0,0,1,0,0,0,0,1,0
ORD200581,2024-11-11,C44674,1,627.34,942 Main St,TRK87158684,1,627.34,0,11,6.443081421237291,0,0,1,0,0,0,0,0,0,0,0,1,0,1,0,0,0,0,1,0,0,0,0,0,0,1
ORD200582,2024-02-19,C15228,3,474.14,558 Main St,TRK33860620,8,1422.42,1,2,7.260817705630586,0,0,0,0,0,0,1,0,0,0,1,0,0,0,0,0,1,0,0,0,1,0,0,1,0,0
ORD200583,2025-06-15,C27072,3,154.37,996 Main St,TRK29750379,4,463.11,0,6,6.140121593095365,1,0,0,0,0,0,0,0,0,0,1,0,0,1,0,0,0,0,1,0,0,0,0,0,1,0
ORD200584,2025-03-21,C15257,4,145.05,626 Main St,TRK28779938,6,580.2,1,3,6.365094931696128,1,0,0,0,0,0,0,0,0,0,0,1,0,1,0,0,0,0,0,1,0,0,0,1,0,0
ORD200585,2023-08-20,C91486,4,67.08,907 Main St,TRK79617136,8,268.32,1,8,5.5959002636770805,0,0,0,0,0,0,1,1,0,0,0,0,0,0,0,1,0,0,0,0,1,0,0,1,0,0
ORD200586,2024-11-10,C17389,1,522.08,905 Main St,TRK98857880,5,522.08,1,11,6.2597344160383015,0,0,0,1,0,0,0,0,0,0,1,0,0,0,0,1,0,1,0,0,0,0,0,0,0,1
ORD200587,2023-06-12,C18820,5,514.6,347 Main St,TRK91547425,10,2573.0,1,6,7.853216388156072,0,0,0,1,0,0,0,0,0,0,1,0,0,1,0,0,0,1,0,0,0,0,0,0,1,0
ORD200588,2024-12-10,C61849,4,577.82,811 Main St,TRK47613918,9,2311.28,0,12,7.745989329725811,0,0,0,1,0,0,0,0,1,0,0,0,0,1,0,0,0,0,1,0,0,0,0,1,0,0
ORD200589,2025-02-10,C84041,2,500.8,900 Main St,TRK84920444,3,1001.6,1,2,6.910351904829403,0,0,1,0,0,0,0,1,0,0,0,0,0,1,0,0,0,1,0,0,0,0,0,0,0,1
ORD200590,2023-09-10,C55757,2,461.13,175 Main St,TRK27356242,4,922.26,0,9,6.827910884976479,0,0,0,0,0,1,0,0,0,0,1,0,0,0,0,1,0,0,1,0,0,1,0,0,0,0
ORD200591,2024-11-18,C18187,1,605.28,470 Main St,TRK50528185,3,605.28,1,11,6.407341925563456,0,0,1,0,0,0,0,0,0,0,1,0,0,0,0,0,1,1,0,0,0,0,0,0,0,1
ORD200592,2024-04-23,C42306,3,204.27,938 Main St,TRK15499648,4,612.8100000000001,0,4,6.419685434004699,0,0,0,0,1,0,0,0,0,0,0,1,0,0,0,1,0,0,1,0,0,0,0,1,0,0
ORD200593,2023-08-02,C51024,1,489.8,636 Main St,TRK31375086,4,489.8,1,8,6.196036712836756,0,0,0,1,0,0,0,0,0,0,1,0,0,0,0,0,1,1,0,0,0,0,1,0,0,0
ORD200594,2024-02-21,C40140,5,72.64,598 Main St,TRK12671989,7,363.2,0,2,5.897703167293508,0,0,0,0,1,0,0,0,1,0,0,0,1,0,0,0,0,0,1,0,0,1,0,0,0,0
ORD200595,2025-01-10,C72596,2,385.16,491 Main St,TRK83870446,7,770.32,1,1,6.648103332851404,0,0,0,0,0,1,0,0,0,0,0,1,0,0,1,0,0,0,0,1,0,1,0,0,0,0
ORD200596,2023-06-12,C91805,3,606.41,653 Main St,TRK34504030,7,1819.23,1,6,7.506718145712741,0,1,0,0,0,0,0,0,0,1,0,0,0,0,0,1,0,1,0,0,0,0,1,0,0,0
ORD200597,2024-11-25,C40538,2,211.82,700 Main St,TRK29821356,4,423.64,1,11,6.051241751143842,0,1,0,0,0,0,0,0,0,0,1,0,1,0,0,0,0,0,0,0,1,1,0,0,0,0
ORD200598,2024-04-26,C60329,5,495.35,826 Main St,TRK59069987,5,2476.75,0,4,7.815106169286818,0,1,0,0,0,0,0,0,1,0,0,0,0,0,1,0,0,0,1,0,0,0,1,0,0,0
ORD200599,2023-06-30,C28740,3,556.99,123 Main St,TRK33642221,4,1670.97,1,6,7.421757850899945,1,0,0,0,0,0,0,0,0,0,0,1,1,0,0,0,0,1,0,0,0,0,1,0,0,0
ORD200600,2023-05-26,C87051,1,72.31,460 Main St,TRK82056333,1,72.31,1,5,4.294697025235496,0,0,0,0,0,1,0,0,0,0,1,0,1,0,0,0,0,1,0,0,0,0,1,0,0,0
ORD200601,2023-10-02,C12479,5,24.82,529 Main St,TRK73935314,10,124.1,0,10,4.829113417472866,0,0,0,1,0,0,0,0,1,0,0,0,0,0,0,0,1,0,1,0,0,0,0,0,0,1
ORD200602,2024-03-05,C35852,4,26.04,982 Main St,TRK64660134,5,104.16,1,3,4.655482999861681,0,0,0,0,0,0,1,0,0,0,0,1,0,0,1,0,0,0,0,1,0,0,0,0,1,0
ORD200603,2024-10-04,C26223,1,657.07,800 Main St,TRK50900547,4,657.07,1,10,6.489311308645773,0,0,0,0,0,0,1,1,0,0,0,0,0,0,1,0,0,0,0,1,0,0,0,1,0,0
ORD200604,2025-06-22,C99214,3,32.62,252 Main St,TRK81368481,6,97.86,0,6,4.593704707878813,1,0,0,0,0,0,0,0,0,1,0,0,0,1,0,0,0,0,1,0,0,0,1,0,0,0
ORD200605,2024-05-10,C49605,2,228.91,892 Main St,TRK95620066,4,457.82,1,5,6.128657976284189,0,0,0,1,0,0,0,0,0,1,0,0,0,0,0,0,1,0,0,1,0,0,0,0,0,1
ORD200606,2024-11-06,C85018,3,274.75,783 Main St,TRK54128886,3,824.25,1,11,6.7156863707333025,0,0,1,0,0,0,0,1,0,0,0,0,1,0,0,0,0,0,0,1,0,0,0,1,0,0
ORD200607,2025-05-31,C96434,4,634.05,282 Main St,TRK56730647,6,2536.2,1,5,7.838816389759742,0,0,0,0,0,1,0,1,0,0,0,0,0,0,0,0,1,0,0,1,0,0,0,1,0,0
ORD200608,2024-07-24,C32956,5,543.16,788 Main St,TRK73140103,6,2715.8,1,7,7.907209996117028,0,0,1,0,0,0,0,0,0,0,0,1,1,0,0,0,0,0,0,1,0,0,0,0,1,0
ORD200609,2025-01-27,C41137,3,449.13,809 Main St,TRK52732162,5,1347.39,1,1,7.206666567135431,1,0,0,0,0,0,0,1,0,0,0,0,0,0,0,1,0,0,0,0,1,0,0,0,0,1
ORD200610,2024-06-16,C60361,5,389.62,623 Main St,TRK83566924,7,1948.1,1,6,7.575123006554595,0,1,0,0,0,0,0,1,0,0,0,0,0,0,0,1,0,1,0,0,0,0,1,0,0,0
ORD200611,2023-04-21,C36688,1,305.17,700 Main St,TRK35720426,3,305.17,1,4,5.72414050324408,0,1,0,0,0,0,0,0,0,0,1,0,0,0,0,1,0,0,0,0,1,0,0,0,0,1
ORD200612,2023-06-02,C51811,3,445.12,339 Main St,TRK82377939,8,1335.36,0,6,7.19770477887632,1,0,0,0,0,0,0,0,0,0,1,0,1,0,0,0,0,0,1,0,0,0,0,1,0,0
ORD200613,2024-12-19,C62405,2,230.36,154 Main St,TRK14721763,4,460.72,1,12,6.134958646746711,0,0,1,0,0,0,0,0,0,0,0,1,0,0,0,1,0,0,0,0,1,1,0,0,0,0
ORD200614,2024-03-08,C77363,1,96.81,807 Main St,TRK12439827,3,96.81,0,3,4.5830268213024015,0,0,0,0,1,0,0,0,0,0,1,0,1,0,0,0,0,0,1,0,0,0,0,0,0,1
ORD200615,2025-03-07,C97218,5,460.14,252 Main St,TRK52632065,10,2300.7,1,3,7.7414032593296485,0,0,0,1,0,0,0,0,1,0,0,0,0,0,0,1,0,0,0,0,1,0,1,0,0,0
ORD200616,2024-10-17,C43919,3,601.6,984 Main St,TRK73113192,7,1804.8,1,10,7.498758985873379,0,0,0,0,0,0,1,0,1,0,0,0,1,0,0,0,0,0,0,1,0,0,1,0,0,0
ORD200617,2024-02-08,C57093,3,184.47,834 Main St,TRK75469057,4,553.41,0,2,6.317904485231057,0,0,0,0,0,0,1,0,0,0,0,1,1,0,0,0,0,0,1,0,0,0,0,0,0,1
ORD200618,2024-09-03,C50565,1,411.34,399 Main St,TRK97981418,5,411.34,0,9,6.021848251742422,0,0,0,0,0,0,1,0,0,1,0,0,0,0,0,1,0,0,1,0,0,0,0,0,1,0
ORD200619,2024-07-16,C38845,1,532.89,764 Main St,TRK47637374,2,532.89,0,7,6.28018982523146,0,0,1,0,0,0,0,0,0,0,1,0,0,0,1,0,0,0,1,0,0,0,0,0,0,1
ORD200620,2024-03-27,C84834,3,136.34,866 Main St,TRK90136001,8,409.02,1,3,6.016205938996429,0,0,0,0,0,0,1,0,0,1,0,0,0,0,0,1,0,0,0,1,0,0,0,0,0,1
ORD200621,2023-10-22,C37455,5,476.01,146 Main St,TRK82685594,7,2380.05,1,10,7.775296845846383,0,0,0,0,1,0,0,0,1,0,0,0,0,1,0,0,0,0,0,0,1,0,0,1,0,0
ORD200622,2024-11-02,C27078,5,236.38,128 Main St,TRK89314307,7,1181.9,0,11,7.075724329551691,0,1,0,0,0,0,0,0,1,0,0,0,0,0,0,1,0,0,1,0,0,0,1,0,0,0
ORD200623,2023-06-16,C91941,3,396.0,269 Main St,TRK21330732,4,1188.0,1,6,7.080867896690782,0,0,0,0,0,1,0,0,0,0,1,0,1,0,0,0,0,1,0,0,0,0,0,0,1,0
ORD200624,2024-01-16,C25967,5,341.96,747 Main St,TRK88559278,6,1709.8,0,1,7.444716376352754,0,0,0,0,0,0,1,0,0,1,0,0,0,1,0,0,0,0,1,0,0,1,0,0,0,0
ORD200625,2023-09-24,C22123,1,672.89,519 Main St,TRK43250279,1,672.89,1,9,6.513066892845188,0,0,0,0,0,0,1,0,1,0,0,0,0,0,1,0,0,0,0,0,1,1,0,0,0,0
ORD200626,2024-03-01,C45671,2,657.48,769 Main St,TRK18179773,5,1314.96,1,3,7.182321716286543,0,0,0,0,0,0,1,0,0,0,0,1,0,0,0,0,1,0,0,1,0,0,0,0,0,1
ORD200627,2023-08-06,C53334,3,498.68,879 Main St,TRK31724421,4,1496.04,1,8,7.311245104169533,1,0,0,0,0,0,0,0,0,0,0,1,0,0,0,1,0,1,0,0,0,1,0,0,0,0
ORD200628,2023-03-26,C18717,5,558.63,861 Main St,TRK58568806,8,2793.15,1,3,7.93528322484685,0,0,0,0,0,1,0,1,0,0,0,0,0,0,1,0,0,1,0,0,0,0,0,0,0,1
ORD200629,2023-07-07,C50137,3,19.73,840 Main St,TRK91836131,3,59.19,0,7,4.0975062255596795,0,0,0,0,1,0,0,0,0,0,0,1,0,0,1,0,0,0,1,0,0,0,0,0,0,1
ORD200630,2023-06-23,C51481,5,248.84,140 Main St,TRK33437701,10,1244.2,0,6,7.127051438567453,0,0,0,1,0,0,0,0,0,1,0,0,1,0,0,0,0,0,1,0,0,0,0,0,1,0
ORD200631,2024-08-31,C99128,3,46.11,360 Main St,TRK32426808,5,138.33,1,8,4.936845220125501,1,0,0,0,0,0,0,0,0,0,1,0,0,0,0,1,0,0,0,0,1,0,0,0,0,1
ORD200632,2023-05-02,C67260,5,678.16,463 Main St,TRK38229104,7,3330.4075,1,5,8.111150166346231,0,0,1,0,0,0,0,0,0,0,1,0,0,1,0,0,0,0,0,0,1,0,1,0,0,0
ORD200633,2024-04-10,C79533,5,601.72,921 Main St,TRK54711422,5,3008.6,1,4,8.009562458546766,0,0,1,0,0,0,0,0,0,0,1,0,1,0,0,0,0,0,0,0,1,0,0,0,1,0
ORD200634,2024-04-25,C66906,2,259.32,117 Main St,TRK31633755,2,518.64,1,4,6.253136264127532,0,0,0,0,0,1,0,0,0,0,1,0,0,1,0,0,0,0,0,0,1,0,0,0,0,1
ORD200635,2023-12-13,C12818,3,63.68,434 Main St,TRK40879983,6,191.04,0,12,5.25770368366274,1,0,0,0,0,0,0,1,0,0,0,0,0,0,0,1,0,0,1,0,0,0,1,0,0,0
ORD200636,2023-10-05,C60384,4,371.07,336 Main St,TRK92080037,7,1484.28,1,10,7.3033585856516225,0,0,1,0,0,0,0,1,0,0,0,0,1,0,0,0,0,0,0,0,1,0,1,0,0,0
ORD200637,2024-09-29,C92294,4,306.35,784 Main St,TRK23585765,7,1225.4,1,9,7.111838327557605,1,0,0,0,0,0,0,0,0,0,1,0,0,0,0,0,1,0,0,0,1,0,0,0,0,1
ORD200638,2023-10-15,C66840,4,578.27,547 Main St,TRK76929637,9,2313.08,1,10,7.746767479325422,0,0,0,0,0,0,1,0,0,0,0,1,0,1,0,0,0,0,0,0,1,1,0,0,0,0
ORD200639,2023-01-20,C22534,1,529.19,391 Main St,TRK17415798,5,529.19,0,1,6.273235432869815,1,0,0,0,0,0,0,1,0,0,0,0,1,0,0,0,0,0,1,0,0,0,0,0,0,1
ORD200640,2024-02-27,C46509,2,587.49,647 Main St,TRK24241664,6,1174.98,1,2,7.069857121511234,1,0,0,0,0,0,0,0,0,0,1,0,0,0,0,1,0,0,0,1,0,0,0,0,0,1
ORD200641,2024-06-30,C71680,4,567.57,814 Main St,TRK47386650,9,2270.28,1,6,7.728098828208729,0,0,0,0,0,1,0,0,0,1,0,0,0,0,1,0,0,0,0,0,1,0,0,1,0,0
ORD200642,2024-04-29,C15063,5,85.22,527 Main St,TRK10329390,7,426.1,1,4,6.057018177847421,1,0,0,0,0,0,0,0,1,0,0,0,1,0,0,0,0,1,0,0,0,1,0,0,0,0
ORD200643,2024-08-26,C77122,1,438.37,647 Main St,TRK75814880,4,438.37,1,8,6.085341882699326,0,0,1,0,0,0,0,1,0,0,0,0,1,0,0,0,0,0,0,1,0,0,0,0,0,1
ORD200644,2023-11-15,C86524,2,366.23,961 Main St,TRK62490506,2,732.46,1,11,6.597773063035387,1,0,0,0,0,0,0,1,0,0,0,0,0,0,0,0,1,0,0,0,1,1,0,0,0,0
ORD200645,2023-01-02,C82990,2,150.05,727 Main St,TRK68574801,4,300.1,1,1,5.707442435487688,0,0,1,0,0,0,0,0,1,0,0,0,1,0,0,0,0,0,0,1,0,0,1,0,0,0
ORD200646,2023-10-27,C98761,4,498.51,804 Main St,TRK43262630,4,1994.04,1,10,7.598419379248276,1,0,0,0,0,0,0,0,0,1,0,0,0,0,0,0,1,0,0,1,0,0,0,1,0,0
ORD200647,2025-04-24,C54409,3,339.39,667 Main St,TRK67671316,7,1018.17,1,4,6.926743849533822,0,1,0,0,0,0,0,1,0,0,0,0,0,0,0,1,0,1,0,0,0,0,0,1,0,0
ORD200648,2025-01-18,C89674,2,575.83,182 Main St,TRK45902512,3,1151.66,1,1,7.0498275938684065,0,0,0,1,0,0,0,0,0,0,0,1,0,1,0,0,0,0,0,0,1,0,0,0,0,1
ORD200649,2023-12-23,C45899,2,642.98,153 Main St,TRK32932093,7,1285.96,1,12,7.160038127082053,0,0,0,1,0,0,0,0,0,1,0,0,0,0,0,1,0,1,0,0,0,1,0,0,0,0
ORD200650,2023-05-18,C74499,2,372.23,518 Main St,TRK93767278,7,744.46,1,5,6.614001477500375,0,1,0,0,0,0,0,0,0,0,1,0,0,1,0,0,0,0,0,1,0,1,0,0,0,0
ORD200651,2024-11-12,C81192,3,646.34,429 Main St,TRK76931118,5,1939.02,0,11,7.5704535612825845,1,0,0,0,0,0,0,0,0,1,0,0,0,0,1,0,0,0,1,0,0,0,0,1,0,0
ORD200652,2024-06-05,C71473,5,341.84,328 Main St,TRK94857335,8,1709.2,1,6,7.444365601721855,1,0,0,0,0,0,0,0,0,0,0,1,0,0,0,0,1,1,0,0,0,0,0,0,1,0
ORD200653,2024-02-25,C59338,3,690.3,747 Main St,TRK12902764,6,2070.9,1,2,7.636221339666437,0,0,0,0,0,1,0,0,1,0,0,0,0,0,0,0,1,0,0,0,1,0,0,1,0,0
ORD200654,2023-06-12,C62661,3,382.37,863 Main St,TRK25748100,8,1147.11,0,6,7.045872391104513,0,0,0,0,0,0,1,0,0,1,0,0,0,0,0,1,0,0,1,0,0,0,0,0,1,0
ORD200655,2023-03-14,C22101,2,132.6,262 Main St,TRK70711522,4,265.2,1,3,5.5842479059610115,1,0,0,0,0,0,0,0,0,1,0,0,1,0,0,0,0,0,0,0,1,1,0,0,0,0
ORD200656,2024-01-18,C51404,2,189.06,835 Main St,TRK85682500,7,378.12,1,1,5.937852777659333,0,0,0,1,0,0,0,0,0,0,1,0,0,0,0,0,1,0,0,1,0,0,1,0,0,0
ORD200657,2023-12-24,C19384,4,87.79,532 Main St,TRK33207064,6,351.16,1,12,5.8640856177781515,0,0,0,0,0,0,1,1,0,0,0,0,1,0,0,0,0,1,0,0,0,0,0,0,1,0
ORD200658,2025-04-18,C86864,2,46.36,670 Main St,TRK15323191,4,92.72,1,4,4.540311613639595,0,0,0,0,0,1,0,0,0,0,1,0,0,0,0,1,0,0,0,1,0,0,0,1,0,0
ORD200659,2024-10-26,C24301,2,642.04,964 Main St,TRK55000075,4,1284.08,1,10,7.158576252200784,0,0,0,0,1,0,0,0,0,0,1,0,0,1,0,0,0,0,0,0,1,1,0,0,0,0
ORD200660,2024-10-19,C43842,2,651.57,933 Main St,TRK54084424,7,1303.14,1,10,7.173299098686906,1,0,0,0,0,0,0,0,0,1,0,0,0,0,0,0,1,0,0,0,1,0,1,0,0,0
ORD200661,2025-02-28,C63657,3,424.89,116 Main St,TRK86378984,6,1274.67,1,2,7.151226809766983,0,0,0,0,0,0,1,0,0,1,0,0,1,0,0,0,0,1,0,0,0,0,0,1,0,0
ORD200662,2023-01-28,C98332,3,438.89,985 Main St,TRK85744797,3,1316.67,0,1,7.1836203043496365,0,0,1,0,0,0,0,1,0,0,0,0,0,0,0,1,0,0,1,0,0,0,1,0,0,0
ORD200663,2024-04-15,C59774,1,72.6,941 Main St,TRK87635135,6,72.6,1,4,4.298645025734831,0,0,0,1,0,0,0,0,0,1,0,0,1,0,0,0,0,1,0,0,0,0,0,0,1,0
ORD200664,2024-12-19,C14847,4,194.75,188 Main St,TRK46492755,5,779.0,0,12,6.659293919683638,0,0,1,0,0,0,0,1,0,0,0,0,0,0,0,0,1,0,1,0,0,0,1,0,0,0
ORD200665,2023-05-02,C83653,4,231.26,253 Main St,TRK32619935,6,925.04,1,5,6.830917430257512,0,0,0,0,0,0,1,0,0,0,0,1,0,0,0,0,1,0,0,0,1,0,0,1,0,0
ORD200666,2024-08-31,C35711,4,327.12,788 Main St,TRK45281495,4,1308.48,0,8,7.17738539082617,0,0,0,1,0,0,0,0,1,0,0,0,1,0,0,0,0,0,1,0,0,1,0,0,0,0
ORD200667,2023-05-03,C10477,1,466.42,172 Main St,TRK41505339,5,466.42,1,5,6.147228211090879,0,0,1,0,0,0,0,0,0,0,1,0,0,0,1,0,0,0,0,1,0,1,0,0,0,0
ORD200668,2024-07-05,C61257,2,253.67,981 Main St,TRK25226070,3,507.34,1,7,6.231150515041503,0,0,0,1,0,0,0,1,0,0,0,0,0,0,0,1,0,0,0,0,1,0,1,0,0,0
ORD200669,2023-02-05,C60547,1,257.0,812 Main St,TRK65694249,5,257.0,0,2,5.552959584921617,0,1,0,0,0,0,0,0,0,1,0,0,1,0,0,0,0,0,1,0,0,0,0,0,0,1
ORD200670,2024-04-18,C14576,4,539.2,747 Main St,TRK21637540,8,2156.8,1,4,7.67684446311724,0,1,0,0,0,0,0,0,1,0,0,0,0,0,1,0,0,1,0,0,0,0,0,1,0,0
ORD200671,2023-06-15,C49282,5,50.74,737 Main St,TRK88653901,7,253.7,1,6,5.540086381985411,1,0,0,0,0,0,0,0,0,0,1,0,1,0,0,0,0,0,0,0,1,0,0,1,0,0
ORD200672,2023-05-09,C14017,2,624.16,984 Main St,TRK71009446,2,1248.32,1,5,7.130354682274662,0,0,0,0,1,0,0,0,0,1,0,0,0,0,0,0,1,0,0,1,0,0,0,0,1,0
ORD200673,2023-02-21,C46504,2,372.92,131 Main St,TRK95024356,7,745.84,1,2,6.615850972097135,0,0,0,0,0,0,1,0,1,0,0,0,0,1,0,0,0,0,0,1,0,1,0,0,0,0
ORD200674,2024-01-09,C56928,4,358.75,860 Main St,TRK57792939,9,1435.0,1,1,7.269616749608169,0,0,1,0,0,0,0,0,0,0,1,0,0,1,0,0,0,0,0,1,0,0,1,0,0,0
ORD200675,2024-08-06,C97749,3,342.02,906 Main St,TRK90233116,5,1026.06,0,8,6.934455630812093,0,1,0,0,0,0,0,0,0,1,0,0,0,0,1,0,0,0,1,0,0,1,0,0,0,0
ORD200676,2025-06-23,C90431,2,422.34,985 Main St,TRK44151723,4,844.68,1,6,6.740141037460408,0,0,1,0,0,0,0,0,1,0,0,0,1,0,0,0,0,1,0,0,0,0,0,0,1,0
ORD200677,2025-04-03,C56722,5,22.07,179 Main St,TRK78778569,7,110.35,1,4,4.712678393703377,0,0,0,0,0,0,1,0,0,0,0,1,1,0,0,0,0,1,0,0,0,0,0,0,1,0
ORD200678,2024-11-24,C40863,3,163.13,457 Main St,TRK20553345,5,489.39,1,11,6.195200992896963,1,0,0,0,0,0,0,0,0,0,1,0,0,0,0,0,1,0,0,0,1,0,1,0,0,0
ORD200679,2023-02-02,C40798,3,360.66,304 Main St,TRK66106697,5,1081.98,1,2,6.987471779609786,0,0,0,0,0,0,1,0,0,0,0,1,0,0,0,1,0,1,0,0,0,0,0,0,1,0
ORD200680,2023-08-27,C16702,3,463.39,694 Main St,TRK16953491,3,1390.17,0,8,7.237900398690256,0,0,0,1,0,0,0,0,1,0,0,0,0,0,0,1,0,0,1,0,0,0,1,0,0,0
ORD200681,2024-01-30,C38262,1,155.27,548 Main St,TRK47300502,6,155.27,0,1,5.0515852804252095,0,0,0,0,0,0,1,0,0,1,0,0,0,0,0,0,1,0,1,0,0,1,0,0,0,0
ORD200682,2023-07-23,C50274,3,509.42,449 Main St,TRK91729086,5,1528.26,1,7,7.3325392372544735,0,0,0,1,0,0,0,0,1,0,0,0,1,0,0,0,0,1,0,0,0,0,0,1,0,0
ORD200683,2025-05-18,C91591,4,652.48,887 Main St,TRK23554043,5,2609.92,1,5,7.867457928628042,0,1,0,0,0,0,0,1,0,0,0,0,0,0,1,0,0,1,0,0,0,0,0,0,1,0
ORD200684,2024-09-22,C96583,4,34.84,288 Main St,TRK64353241,8,139.36,0,9,4.944210550715014,0,0,0,0,0,1,0,0,1,0,0,0,0,0,0,0,1,0,1,0,0,1,0,0,0,0
ORD200685,2025-02-07,C64579,1,234.37,638 Main St,TRK10276565,5,234.37,1,2,5.461158744053865,0,1,0,0,0,0,0,0,0,1,0,0,0,0,0,0,1,1,0,0,0,1,0,0,0,0
ORD200686,2023-10-09,C41903,3,53.6,525 Main St,TRK59112382,4,160.8,1,10,5.086361004624392,0,1,0,0,0,0,0,1,0,0,0,0,0,0,1,0,0,0,0,0,1,0,1,0,0,0
ORD200687,2023-09-13,C19742,1,332.09,408 Main St,TRK68845230,5,332.09,1,9,5.808412723734284,0,0,0,0,0,0,1,0,0,0,1,0,0,0,0,1,0,1,0,0,0,0,0,0,1,0
ORD200688,2024-03-06,C20077,4,593.22,154 Main St,TRK36415742,8,2372.88,1,3,7.772281026293052,0,0,0,1,0,0,0,0,1,0,0,0,1,0,0,0,0,0,0,0,1,0,1,0,0,0
ORD200689,2023-08-29,C13186,2,444.84,787 Main St,TRK56967415,7,889.68,0,8,6.791985215936257,0,0,0,0,0,0,1,0,0,0,0,1,0,0,0,0,1,0,1,0,0,0,1,0,0,0
ORD200690,2024-07-12,C29318,1,24.48,128 Main St,TRK88666721,1,24.48,0,7,3.2378938307039626,0,0,0,1,0,0,0,0,0,0,1,0,0,0,0,1,0,0,1,0,0,0,0,0,1,0
ORD200691,2024-11-24,C36137,3,239.08,396 Main St,TRK57376416,8,717.24,0,11,6.576803775033622,0,0,1,0,0,0,0,1,0,0,0,0,0,0,0,0,1,0,1,0,0,0,0,1,0,0
ORD200692,2023-01-23,C25534,5,196.84,319 Main St,TRK68347402,5,984.2,1,1,6.892844666246383,0,1,0,0,0,0,0,0,1,0,0,0,0,1,0,0,0,0,0,0,1,0,0,0,1,0
ORD200693,2025-03-12,C62070,1,176.58,674 Main St,TRK10267127,4,176.58,0,3,5.179421211604181,0,0,0,1,0,0,0,0,0,1,0,0,0,0,0,1,0,0,1,0,0,0,0,0,0,1
ORD200694,2023-10-02,C92049,4,666.52,619 Main St,TRK32287092,8,2666.08,1,10,7.888739519982605,0,0,0,0,0,1,0,1,0,0,0,0,0,0,0,0,1,1,0,0,0,1,0,0,0,0
ORD200695,2024-11-23,C52604,5,101.3,553 Main St,TRK48839788,7,506.5,1,11,6.229496710915942,0,0,0,0,0,1,0,0,0,0,0,1,0,0,0,0,1,1,0,0,0,1,0,0,0,0
ORD200696,2023-07-02,C22429,4,151.2,965 Main St,TRK38572927,9,604.8,1,7,6.406549898593137,1,0,0,0,0,0,0,0,0,0,1,0,0,0,1,0,0,0,0,0,1,0,1,0,0,0
ORD200697,2025-02-04,C27430,5,94.85,788 Main St,TRK45025840,6,474.25,1,2,6.163840981368539,0,0,0,0,0,1,0,1,0,0,0,0,0,0,0,0,1,0,0,0,1,1,0,0,0,0
ORD200698,2023-01-04,C44366,2,388.22,169 Main St,TRK48658394,2,776.44,1,1,6.6560064706575925,0,0,1,0,0,0,0,1,0,0,0,0,0,1,0,0,0,0,0,0,1,0,0,0,1,0
ORD200699,2023-11-13,C36813,3,614.15,897 Main St,TRK84088900,3,1842.45,0,11,7.519394094984712,0,0,1,0,0,0,0,0,0,0,1,0,1,0,0,0,0,0,1,0,0,0,1,0,0,0
ORD200700,2024-09-25,C40201,2,92.91,555 Main St,TRK30198779,3,185.82,1,9,5.230145586444703,0,0,1,0,0,0,0,1,0,0,0,0,0,0,0,1,0,0,0,0,1,0,0,0,1,0
ORD200701,2024-06-23,C75456,3,92.22,115 Main St,TRK90519490,5,276.66,1,6,5.626397343606657,0,0,0,1,0,0,0,0,1,0,0,0,0,1,0,0,0,1,0,0,0,1,0,0,0,0
ORD200702,2024-06-09,C33315,3,562.55,154 Main St,TRK43589369,6,1687.65,0,6,7.431684672125105,0,0,0,0,0,1,0,0,0,1,0,0,0,0,0,1,0,0,1,0,0,1,0,0,0,0
ORD200703,2023-03-22,C89336,1,92.79,799 Main St,TRK47665103,3,92.79,1,3,4.541058240520847,0,1,0,0,0,0,0,1,0,0,0,0,0,0,1,0,0,0,0,0,1,1,0,0,0,0
ORD200704,2023-06-03,C96034,4,30.27,819 Main St,TRK87261034,9,121.08,1,6,4.804676567536147,0,1,0,0,0,0,0,0,0,0,0,1,0,1,0,0,0,1,0,0,0,0,0,1,0,0
ORD200705,2025-03-30,C50114,2,49.08,420 Main St,TRK20214786,7,98.16,1,3,4.5967347071669895,0,0,0,1,0,0,0,0,0,1,0,0,0,0,0,1,0,1,0,0,0,0,0,0,1,0
ORD200706,2025-03-02,C85330,5,228.09,969 Main St,TRK97693301,9,1140.45,1,3,7.0400546629956215,0,1,0,0,0,0,0,0,0,0,1,0,0,0,0,1,0,1,0,0,0,0,1,0,0,0
ORD200707,2024-11-01,C31761,4,650.04,989 Main St,TRK17628852,6,2600.16,1,11,7.863712778358693,1,0,0,0,0,0,0,0,0,0,1,0,1,0,0,0,0,0,0,1,0,0,1,0,0,0
ORD200708,2025-03-04,C25268,1,665.11,788 Main St,TRK20481215,3,665.11,1,3,6.5014548220672905,0,0,0,0,0,1,0,1,0,0,0,0,0,0,1,0,0,1,0,0,0,0,0,0,1,0
ORD200709,2024-12-07,C17132,1,386.03,855 Main St,TRK37504692,4,386.03,1,12,5.958502209405155,0,1,0,0,0,0,0,0,0,0,0,1,0,0,1,0,0,1,0,0,0,0,0,1,0,0
ORD200710,2024-07-22,C48790,5,21.54,113 Main St,TRK19086608,10,107.7,0,7,4.688591794127164,0,0,1,0,0,0,0,0,0,0,1,0,0,0,0,1,0,0,1,0,0,0,0,1,0,0
ORD200711,2024-07-04,C61070,2,475.78,632 Main St,TRK90764894,2,951.56,1,7,6.8591530971429195,0,0,0,0,0,0,1,0,0,0,0,1,0,0,0,0,1,0,0,0,1,0,0,1,0,0
ORD200712,2024-01-09,C56969,2,68.4,993 Main St,TRK10513339,7,136.8,1,1,4.925803358579558,0,0,0,0,0,0,1,0,0,0,1,0,0,0,1,0,0,1,0,0,0,1,0,0,0,0
ORD200713,2025-06-21,C65056,4,532.49,638 Main St,TRK31705278,6,2129.96,1,6,7.664327861392181,0,0,0,0,0,0,1,0,0,0,0,1,1,0,0,0,0,0,0,1,0,0,1,0,0,0
ORD200714,2023-04-21,C84888,1,51.73,278 Main St,TRK23612847,1,51.73,1,4,3.9651845535423784,0,0,1,0,0,0,0,0,0,1,0,0,0,0,1,0,0,1,0,0,0,0,1,0,0,0
ORD200715,2024-07-26,C68266,3,653.63,281 Main St,TRK96161062,7,1960.89,1,7,7.581663573314042,0,0,0,0,0,1,0,0,0,0,0,1,0,1,0,0,0,1,0,0,0,1,0,0,0,0
ORD200716,2024-06-13,C84115,3,454.29,891 Main St,TRK25466842,4,1362.87,1,6,7.218081525943431,1,0,0,0,0,0,0,0,1,0,0,0,0,0,1,0,0,0,0,0,1,0,0,1,0,0
ORD200717,2023-10-16,C50087,3,122.11,707 Main St,TRK31143760,4,366.33,1,10,5.906260626593414,1,0,0,0,0,0,0,0,0,0,0,1,0,1,0,0,0,0,0,0,1,1,0,0,0,0
ORD200718,2023-04-08,C16790,4,64.74,718 Main St,TRK91791367,8,258.96,1,4,5.560527773026148,0,0,1,0,0,0,0,0,0,0,1,0,1,0,0,0,0,0,0,1,0,0,0,1,0,0
ORD200719,2024-01-21,C46920,2,681.06,703 Main St,TRK86403837,3,1362.12,1,1,7.217531468906984,0,0,1,0,0,0,0,0,0,1,0,0,0,0,0,0,1,1,0,0,0,0,1,0,0,0
ORD200720,2023-09-21,C12740,5,128.95,305 Main St,TRK98506513,10,644.75,1,9,6.47041243197595,0,1,0,0,0,0,0,1,0,0,0,0,0,0,1,0,0,1,0,0,0,0,0,0,1,0
ORD200721,2024-03-18,C46557,2,118.59,890 Main St,TRK56110689,2,237.18,0,3,5.47302669033985,0,1,0,0,0,0,0,0,1,0,0,0,0,1,0,0,0,0,1,0,0,1,0,0,0,0
ORD200722,2024-11-15,C58156,1,95.1,516 Main St,TRK49719458,1,95.1,1,11,4.565389315976247,0,0,0,0,0,1,0,0,0,0,1,0,0,0,1,0,0,0,0,0,1,0,0,0,1,0
ORD200723,2023-12-09,C14455,3,54.95,385 Main St,TRK50933724,8,164.85,1,12,5.111083765393062,0,1,0,0,0,0,0,1,0,0,0,0,0,0,0,1,0,0,0,1,0,0,0,0,0,1
ORD200724,2024-10-18,C63150,3,136.97,326 Main St,TRK19348078,4,410.91,1,10,6.02080487888465,0,0,0,0,0,1,0,0,1,0,0,0,0,0,0,1,0,1,0,0,0,0,0,0,0,1
ORD200725,2023-03-12,C95269,2,194.85,372 Main St,TRK45670926,5,389.7,0,3,5.967940002061025,1,0,0,0,0,0,0,0,0,0,1,0,0,0,0,1,0,0,1,0,0,0,0,0,0,1
ORD200726,2024-10-25,C18105,4,583.02,338 Main St,TRK94006117,4,2332.08,1,10,7.754944562046465,0,0,1,0,0,0,0,0,0,0,0,1,0,1,0,0,0,1,0,0,0,0,1,0,0,0
ORD200727,2024-09-29,C29063,5,95.75,379 Main St,TRK92745947,8,478.75,1,9,6.173265134887809,1,0,0,0,0,0,0,0,0,0,0,1,0,0,0,0,1,0,0,1,0,0,0,0,1,0
ORD200728,2024-07-29,C10154,4,325.76,827 Main St,TRK79793300,8,1303.04,1,7,7.17322241686276,0,1,0,0,0,0,0,0,0,0,1,0,0,0,0,0,1,0,0,0,1,1,0,0,0,0
ORD200729,2023-09-08,C36997,4,186.41,819 Main St,TRK92794872,6,745.64,1,9,6.615583141257491,0,0,0,0,1,0,0,0,0,0,1,0,0,0,1,0,0,0,0,1,0,0,0,1,0,0
ORD200730,2025-02-22,C77357,1,474.6,407 Main St,TRK91943923,4,474.6,1,2,6.1645771648166265,0,0,0,0,1,0,0,0,0,1,0,0,0,1,0,0,0,0,0,1,0,1,0,0,0,0
ORD200731,2024-06-07,C71310,5,584.46,308 Main St,TRK48292586,8,2922.3,0,6,7.980468394124558,0,0,0,0,0,1,0,0,1,0,0,0,0,0,0,1,0,0,1,0,0,1,0,0,0,0
ORD200732,2025-03-07,C80987,1,132.05,787 Main St,TRK42187776,2,132.05,0,3,4.890724997423698,0,0,1,0,0,0,0,0,0,0,0,1,0,1,0,0,0,0,1,0,0,0,0,1,0,0
ORD200733,2023-12-04,C90757,4,494.84,694 Main St,TRK87991608,8,1979.36,1,12,7.591033925343477,0,0,0,0,0,0,1,1,0,0,0,0,0,0,0,1,0,0,0,1,0,1,0,0,0,0
ORD200734,2024-01-23,C51898,4,224.61,630 Main St,TRK19767885,6,898.44,1,1,6.801772347441505,0,0,0,0,0,1,0,0,1,0,0,0,0,0,0,1,0,0,0,0,1,0,1,0,0,0
ORD200735,2024-06-28,C94508,4,44.07,359 Main St,TRK13443264,6,176.28,0,6,5.177730403558919,0,0,0,1,0,0,0,0,0,1,0,0,0,0,1,0,0,0,1,0,0,1,0,0,0,0
ORD200736,2024-02-09,C59441,5,418.53,696 Main St,TRK66186874,6,2092.65,1,2,7.646664233238744,0,0,0,1,0,0,0,0,1,0,0,0,0,0,1,0,0,1,0,0,0,0,0,1,0,0
ORD200737,2024-01-03,C91029,4,532.87,972 Main St,TRK25501930,9,2131.48,1,1,7.665040900658314,0,0,0,0,1,0,0,1,0,0,0,0,0,0,1,0,0,1,0,0,0,0,0,0,1,0
ORD200738,2025-06-04,C96261,2,485.37,264 Main St,TRK44998396,5,970.74,1,6,6.879088278966751,0,0,0,0,1,0,0,0,1,0,0,0,0,0,0,0,1,0,0,1,0,1,0,0,0,0
ORD200739,2024-06-13,C35123,4,386.73,513 Main St,TRK58979275,4,1546.92,1,6,7.344667373227673,0,0,0,0,1,0,0,1,0,0,0,0,0,1,0,0,0,0,0,1,0,0,1,0,0,0
ORD200740,2024-07-20,C10892,2,377.47,433 Main St,TRK76154554,7,754.94,0,7,6.627962007950593,0,1,0,0,0,0,0,1,0,0,0,0,0,0,1,0,0,0,1,0,0,0,0,1,0,0
ORD200741,2025-01-23,C99683,5,332.64,945 Main St,TRK87305883,10,1663.2,0,1,7.41709980646633,0,0,0,1,0,0,0,0,0,0,1,0,0,1,0,0,0,0,1,0,0,0,0,0,0,1
ORD200742,2024-11-30,C41974,3,699.93,726 Main St,TRK48051468,7,2099.79,1,11,7.650068743445809,0,0,1,0,0,0,0,1,0,0,0,0,0,0,0,1,0,0,0,1,0,0,0,1,0,0
ORD200743,2024-09-30,C23978,1,576.35,549 Main St,TRK87090813,1,576.35,1,9,6.358448668397865,0,0,0,1,0,0,0,0,0,0,1,0,0,0,0,1,0,0,0,0,1,0,0,0,1,0
ORD200744,2024-06-12,C10642,2,461.37,200 Main St,TRK98725693,5,922.74,1,6,6.8284306467640326,0,0,0,0,0,0,1,1,0,0,0,0,0,1,0,0,0,0,0,1,0,0,0,1,0,0
ORD200745,2023-03-02,C73813,4,111.3,364 Main St,TRK89906749,7,445.2,1,3,6.100767281998432,0,0,0,0,0,1,0,0,0,1,0,0,0,0,1,0,0,1,0,0,0,1,0,0,0,0
ORD200746,2025-02-24,C32183,3,661.89,551 Main St,TRK76287027,6,1985.67,1,2,7.594215149242228,0,1,0,0,0,0,0,0,0,0,0,1,1,0,0,0,0,0,0,0,1,0,0,0,0,1
ORD200747,2025-03-12,C54277,2,259.58,940 Main St,TRK26500181,7,519.16,1,3,6.254136456555595,0,0,0,0,0,0,1,0,0,1,0,0,0,1,0,0,0,1,0,0,0,0,0,0,1,0
ORD200748,2024-07-15,C56553,3,70.81,249 Main St,TRK37667360,8,212.43,1,7,5.363308910055477,0,0,0,0,0,0,1,0,1,0,0,0,0,0,0,0,1,1,0,0,0,0,0,0,0,1
ORD200749,2025-04-13,C17551,1,518.39,997 Main St,TRK88797170,4,518.39,1,4,6.252655046059094,0,0,1,0,0,0,0,0,0,1,0,0,0,0,1,0,0,1,0,0,0,0,0,0,1,0
ORD200750,2023-01-14,C14737,4,145.41,637 Main St,TRK10295115,7,581.64,1,1,6.36756949990966,0,0,0,0,0,0,1,0,1,0,0,0,0,0,0,1,0,1,0,0,0,1,0,0,0,0
ORD200751,2023-01-24,C35168,2,599.86,455 Main St,TRK76960854,7,1199.72,1,1,7.09067665584806,0,0,0,0,0,0,1,0,0,0,1,0,0,0,1,0,0,1,0,0,0,0,1,0,0,0
ORD200752,2024-10-03,C82217,4,429.37,299 Main St,TRK33305694,8,1717.48,1,10,7.449195458165721,0,0,0,0,1,0,0,0,1,0,0,0,0,1,0,0,0,1,0,0,0,0,0,1,0,0
ORD200753,2024-04-24,C42270,2,241.49,864 Main St,TRK72697796,7,482.98,1,4,6.182043583548792,0,0,0,0,1,0,0,0,0,1,0,0,0,0,0,1,0,1,0,0,0,0,0,0,1,0
ORD200754,2025-05-31,C48846,2,452.05,983 Main St,TRK52804097,3,904.1,1,5,6.808045434833125,0,0,0,0,0,1,0,0,1,0,0,0,0,0,0,1,0,0,0,0,1,1,0,0,0,0
ORD200755,2023-06-13,C54160,3,336.71,658 Main St,TRK60515972,4,1010.13,0,6,6.91882379631291,0,1,0,0,0,0,0,0,1,0,0,0,0,0,1,0,0,0,1,0,0,1,0,0,0,0
ORD200756,2024-06-27,C14080,1,283.69,202 Main St,TRK93163682,6,283.69,0,6,5.651400868974447,0,0,0,0,1,0,0,0,0,0,1,0,0,0,0,0,1,0,1,0,0,0,0,1,0,0
ORD200757,2024-02-22,C81074,1,157.72,597 Main St,TRK91105190,2,157.72,1,2,5.067141643536563,0,1,0,0,0,0,0,0,0,1,0,0,0,1,0,0,0,1,0,0,0,0,0,1,0,0
ORD200758,2023-03-26,C69021,3,624.84,917 Main St,TRK57148510,8,1874.52,1,3,7.536641233288065,0,0,0,0,0,0,1,0,1,0,0,0,1,0,0,0,0,0,0,0,1,0,1,0,0,0
ORD200759,2023-07-24,C96283,3,308.01,366 Main St,TRK91784124,3,924.03,1,7,6.829826169418937,0,1,0,0,0,0,0,1,0,0,0,0,0,0,1,0,0,1,0,0,0,0,1,0,0,0
ORD200760,2025-02-18,C96636,1,39.56,283 Main St,TRK73324346,5,39.56,0,2,3.702782359282928,0,1,0,0,0,0,0,0,0,1,0,0,1,0,0,0,0,0,1,0,0,0,0,1,0,0
ORD200761,2023-06-02,C37235,4,37.76,217 Main St,TRK67789367,7,151.04,0,6,5.024143644121048,0,1,0,0,0,0,0,0,0,1,0,0,0,1,0,0,0,0,1,0,0,0,0,1,0,0
ORD200762,2024-09-17,C12444,3,76.96,611 Main St,TRK97621403,8,230.88,1,9,5.446219996471532,0,0,0,0,1,0,0,1,0,0,0,0,0,0,0,1,0,1,0,0,0,1,0,0,0,0
ORD200763,2023-04-06,C79142,1,569.96,533 Main St,TRK30915955,4,569.96,1,4,6.347319154662812,0,0,1,0,0,0,0,0,0,0,0,1,0,1,0,0,0,1,0,0,0,1,0,0,0,0
ORD200764,2024-03-10,C35983,5,627.43,806 Main St,TRK14016163,10,3137.15,1,3,8.051388733297767,0,0,1,0,0,0,0,0,1,0,0,0,1,0,0,0,0,1,0,0,0,1,0,0,0,0
ORD200765,2023-10-06,C36150,2,534.91,281 Main St,TRK96249043,5,1069.82,1,10,6.976179989095979,0,0,1,0,0,0,0,0,0,1,0,0,0,0,0,1,0,0,0,1,0,0,0,1,0,0
ORD200766,2023-01-22,C91454,2,278.88,494 Main St,TRK99985340,3,557.76,1,1,6.32572004285935,0,0,0,0,0,1,0,0,0,1,0,0,0,0,1,0,0,1,0,0,0,0,0,0,0,1
ORD200767,2025-04-18,C19368,2,323.22,517 Main St,TRK80436037,7,646.44,0,4,6.473026125187446,0,0,0,0,0,0,1,0,1,0,0,0,0,1,0,0,0,0,1,0,0,0,0,0,1,0
ORD200768,2023-09-04,C35987,5,653.46,165 Main St,TRK28918815,9,3267.3,1,9,8.092025251032204,0,0,0,0,0,0,1,1,0,0,0,0,1,0,0,0,0,0,0,0,1,1,0,0,0,0
ORD200769,2023-07-06,C13366,4,678.55,568 Main St,TRK98691410,5,2714.2,0,7,7.906620894479961,0,0,0,0,0,1,0,1,0,0,0,0,0,1,0,0,0,0,1,0,0,1,0,0,0,0
ORD200770,2024-02-11,C72166,1,314.38,227 Main St,TRK67733444,6,314.38,0,2,5.753778260977441,0,1,0,0,0,0,0,0,0,0,0,1,0,0,0,1,0,0,1,0,0,0,0,1,0,0
ORD200771,2024-06-12,C20357,3,692.44,272 Main St,TRK82236408,8,2077.32,1,6,7.639315154028496,0,0,0,0,1,0,0,0,0,1,0,0,1,0,0,0,0,1,0,0,0,0,0,1,0,0
ORD200772,2024-07-28,C33802,1,604.87,461 Main St,TRK25799478,4,604.87,0,7,6.406665441604151,0,0,0,1,0,0,0,0,0,0,0,1,0,1,0,0,0,0,1,0,0,0,0,0,1,0
ORD200773,2025-06-28,C99205,2,512.33,415 Main St,TRK48904015,7,1024.66,0,6,6.933091586795304,0,0,0,0,1,0,0,1,0,0,0,0,1,0,0,0,0,0,1,0,0,0,1,0,0,0
ORD200774,2025-04-15,C29701,3,20.54,257 Main St,TRK42266846,3,61.62,1,4,4.1370847158982595,1,0,0,0,0,0,0,0,1,0,0,0,1,0,0,0,0,1,0,0,0,0,0,0,1,0
ORD200775,2023-03-04,C73941,2,625.22,569 Main St,TRK22051900,5,1250.44,0,3,7.132050167253515,0,0,0,0,1,0,0,0,0,0,0,1,1,0,0,0,0,0,1,0,0,0,0,1,0,0
ORD200776,2023-08-21,C69168,1,21.19,482 Main St,TRK10446197,5,21.19,1,8,3.0996417369445024,0,0,0,0,0,0,1,1,0,0,0,0,0,0,0,1,0,0,0,0,1,0,0,1,0,0
ORD200777,2025-03-21,C66116,5,64.49,633 Main St,TRK41967983,7,322.45,0,3,5.779044542489994,1,0,0,0,0,0,0,0,0,0,0,1,1,0,0,0,0,0,1,0,0,0,1,0,0,0
ORD200778,2023-04-28,C85059,4,246.85,316 Main St,TRK56503740,8,987.4,1,4,6.896087474114455,0,0,1,0,0,0,0,0,1,0,0,0,0,0,0,0,1,0,0,0,1,0,0,1,0,0
ORD200779,2023-12-01,C18076,3,588.74,751 Main St,TRK26661705,8,1766.22,1,12,7.477162969380029,0,0,0,0,1,0,0,0,0,1,0,0,0,0,1,0,0,1,0,0,0,1,0,0,0,0
ORD200780,2024-03-31,C41284,4,184.48,661 Main St,TRK73613128,4,737.92,1,3,6.605189660690437,0,0,1,0,0,0,0,0,0,0,0,1,1,0,0,0,0,0,0,0,1,0,0,1,0,0
ORD200781,2024-01-10,C43524,5,524.26,934 Main St,TRK51479426,5,2621.3,1,1,7.871807074254552,0,0,0,0,1,0,0,0,0,0,1,0,0,1,0,0,0,1,0,0,0,0,0,0,0,1
ORD200782,2024-08-11,C58063,2,493.63,167 Main St,TRK50548869,6,987.26,1,8,6.895945821022639,0,0,0,1,0,0,0,0,0,0,0,1,0,0,0,1,0,0,0,1,0,0,0,0,0,1
ORD200783,2025-05-26,C19937,1,438.34,281 Main St,TRK46990083,5,438.34,1,5,6.0852736007860395,0,0,0,0,0,1,0,0,0,0,1,0,0,0,0,1,0,1,0,0,0,0,1,0,0,0
ORD200784,2025-05-16,C21191,1,325.81,232 Main St,TRK85771230,1,325.81,1,5,5.789378962272886,0,0,1,0,0,0,0,0,1,0,0,0,0,0,1,0,0,0,0,0,1,0,0,0,0,1
ORD200785,2023-07-29,C45862,1,176.1,342 Main St,TRK53089983,1,176.1,1,7,5.176714544788788,1,0,0,0,0,0,0,0,1,0,0,0,0,0,1,0,0,0,0,1,0,0,0,0,1,0
ORD200786,2023-08-23,C39130,5,45.31,774 Main St,TRK99583414,8,226.55,0,8,5.427369994462651,1,0,0,0,0,0,0,0,0,0,0,1,1,0,0,0,0,0,1,0,0,0,0,0,0,1
ORD200787,2024-03-17,C18167,4,221.96,193 Main St,TRK36841089,7,887.84,0,3,6.789917241813198,0,1,0,0,0,0,0,1,0,0,0,0,0,1,0,0,0,0,1,0,0,0,0,1,0,0
ORD200788,2023-11-02,C47307,2,601.43,761 Main St,TRK43516112,5,1202.86,1,11,7.093288340038064,1,0,0,0,0,0,0,0,0,0,0,1,0,0,1,0,0,1,0,0,0,0,0,0,1,0
ORD200789,2023-08-17,C57276,5,691.28,183 Main St,TRK75899752,10,3330.4075,1,8,8.111150166346231,0,0,0,0,0,0,1,0,0,0,0,1,0,1,0,0,0,0,0,1,0,1,0,0,0,0
ORD200790,2024-09-14,C38928,4,417.89,302 Main St,TRK96636009,4,1671.56,0,9,7.422110665798373,0,0,1,0,0,0,0,0,0,0,1,0,0,0,1,0,0,0,1,0,0,0,0,1,0,0
ORD200791,2024-01-13,C49710,4,409.28,956 Main St,TRK92591237,8,1637.12,0,1,7.401304521802887,1,0,0,0,0,0,0,1,0,0,0,0,0,0,1,0,0,0,1,0,0,1,0,0,0,0
ORD200792,2023-06-16,C41709,2,356.35,746 Main St,TRK90995294,6,712.7,1,6,6.570462705977022,0,1,0,0,0,0,0,0,0,1,0,0,0,0,0,1,0,0,0,0,1,0,1,0,0,0
ORD200793,2024-04-15,C91255,5,170.22,769 Main St,TRK69599961,8,851.1,0,4,6.74770389083391,1,0,0,0,0,0,0,0,0,1,0,0,0,1,0,0,0,0,1,0,0,0,0,0,0,1
ORD200794,2023-03-09,C76653,4,384.85,988 Main St,TRK77052196,9,1539.4,1,3,7.3397974019407535,0,0,0,0,0,1,0,0,0,0,0,1,0,1,0,0,0,1,0,0,0,0,0,0,1,0
ORD200795,2024-11-20,C95667,4,115.77,586 Main St,TRK41266666,7,463.08,1,11,6.140056951157809,0,0,1,0,0,0,0,0,0,0,0,1,0,0,1,0,0,0,0,1,0,0,0,0,1,0
ORD200796,2025-04-29,C33313,3,579.55,882 Main St,TRK13349970,8,1738.65,1,4,7.461439222550029,0,0,0,0,1,0,0,0,0,0,1,0,0,0,0,1,0,0,0,0,1,0,1,0,0,0
ORD200797,2023-02-27,C36825,2,438.76,426 Main St,TRK72557318,2,877.52,0,2,6.778238673446552,0,0,1,0,0,0,0,0,0,1,0,0,0,0,0,1,0,0,1,0,0,0,1,0,0,0
ORD200798,2025-05-19,C20861,5,488.35,968 Main St,TRK89372013,9,2441.75,1,5,7.800879732824453,0,0,0,0,1,0,0,0,0,1,0,0,0,0,0,1,0,1,0,0,0,1,0,0,0,0
ORD200799,2023-04-16,C26364,4,328.56,803 Main St,TRK78924436,4,1314.24,1,4,7.1817744374647345,0,0,1,0,0,0,0,0,0,1,0,0,0,0,0,1,0,1,0,0,0,1,0,0,0,0
ORD200800,2025-03-28,C34686,1,68.39,412 Main St,TRK99468332,3,68.39,1,3,4.239742764911457,0,0,0,0,0,0,1,0,0,0,0,1,0,0,0,1,0,0,0,0,1,0,1,0,0,0
ORD200801,2023-05-03,C97593,4,595.62,738 Main St,TRK58443593,8,2382.48,1,5,7.776316883588069,0,0,0,0,0,1,0,0,0,1,0,0,0,0,1,0,0,1,0,0,0,0,1,0,0,0
ORD200802,2024-02-17,C84331,5,644.64,205 Main St,TRK34440714,6,3223.2,1,2,8.078440136441898,1,0,0,0,0,0,0,0,0,0,1,0,1,0,0,0,0,1,0,0,0,1,0,0,0,0
ORD200803,2023-08-20,C88775,5,397.81,223 Main St,TRK45098068,5,1989.05,1,8,7.595915043031035,0,0,0,1,0,0,0,0,0,1,0,0,0,0,0,1,0,0,0,1,0,0,0,0,0,1
ORD200804,2024-01-01,C76362,3,236.5,916 Main St,TRK11868618,8,709.5,1,1,6.565968947537155,1,0,0,0,0,0,0,0,0,0,0,1,0,1,0,0,0,1,0,0,0,1,0,0,0,0
ORD200805,2024-10-15,C59278,5,472.01,178 Main St,TRK14590037,10,2360.05,1,10,7.766861714328448,0,0,1,0,0,0,0,0,0,0,1,0,1,0,0,0,0,0,0,1,0,1,0,0,0,0
ORD200806,2023-09-01,C55819,5,253.75,740 Main St,TRK13775054,9,1268.75,1,9,7.146575309681355,1,0,0,0,0,0,0,0,0,0,0,1,0,0,1,0,0,0,0,0,1,0,0,0,1,0
ORD200807,2024-11-10,C82344,3,676.21,260 Main St,TRK70957219,5,2028.63,1,11,7.615608789413513,0,0,0,1,0,0,0,0,0,0,0,1,0,1,0,0,0,0,0,1,0,0,0,1,0,0
ORD200808,2024-02-13,C65565,3,134.05,192 Main St,TRK80383756,3,402.15,0,2,5.999308701131031,0,1,0,0,0,0,0,0,1,0,0,0,0,0,0,0,1,0,1,0,0,0,0,1,0,0
ORD200809,2024-04-09,C80416,5,217.43,752 Main St,TRK54385892,10,1087.15,1,4,6.992234285560076,0,1,0,0,0,0,0,0,0,1,0,0,0,0,0,0,1,0,0,1,0,0,0,0,1,0
ORD200810,2023-05-31,C23637,1,553.56,644 Main St,TRK16749863,5,553.56,0,5,6.318175006527241,0,0,0,0,0,0,1,0,1,0,0,0,1,0,0,0,0,0,1,0,0,0,0,0,0,1
ORD200811,2023-11-05,C24769,2,28.55,864 Main St,TRK44538305,7,57.1,1,11,4.062165663857866,0,0,1,0,0,0,0,0,0,0,1,0,0,0,0,0,1,0,0,1,0,1,0,0,0,0
ORD200812,2024-01-26,C81547,2,255.26,803 Main St,TRK88437123,6,510.52,1,1,6.237386685311531,0,0,0,0,1,0,0,0,1,0,0,0,1,0,0,0,0,1,0,0,0,0,0,1,0,0
ORD200813,2025-03-15,C12813,5,292.54,263 Main St,TRK36131660,8,1462.7,1,3,7.288722755489901,0,0,1,0,0,0,0,0,0,1,0,0,1,0,0,0,0,1,0,0,0,1,0,0,0,0
ORD200814,2024-12-11,C50732,4,147.51,979 Main St,TRK21082461,4,590.04,1,12,6.381883697010875,1,0,0,0,0,0,0,0,0,1,0,0,0,0,1,0,0,0,0,0,1,0,0,0,1,0
ORD200815,2024-08-04,C41320,3,569.84,920 Main St,TRK77539180,8,1709.52,1,8,7.44455269683688,0,0,0,0,0,1,0,0,0,0,1,0,1,0,0,0,0,0,0,0,1,0,0,0,1,0
ORD200816,2024-02-21,C55286,5,574.79,497 Main St,TRK39058734,8,2873.95,1,2,7.963790561775872,0,0,0,0,0,0,1,0,1,0,0,0,0,0,1,0,0,0,0,0,1,0,0,0,0,1
ORD200817,2023-10-05,C87994,4,598.19,430 Main St,TRK98883971,7,2392.76,1,10,7.780620630465922,1,0,0,0,0,0,0,0,1,0,0,0,0,1,0,0,0,0,0,0,1,1,0,0,0,0
ORD200818,2023-03-02,C25580,4,390.84,860 Main St,TRK58781638,9,1563.36,1,3,7.3552320736462615,0,0,0,0,1,0,0,0,1,0,0,0,1,0,0,0,0,0,0,0,1,0,0,0,0,1
ORD200819,2024-09-28,C66196,2,398.45,650 Main St,TRK38104650,7,796.9,1,9,6.681983276314235,0,0,0,0,1,0,0,0,0,1,0,0,1,0,0,0,0,0,0,1,0,0,0,1,0,0
ORD200820,2023-05-27,C35377,5,623.81,171 Main St,TRK17342157,6,3119.05,1,5,8.045604306316145,0,0,0,0,1,0,0,1,0,0,0,0,0,0,0,1,0,1,0,0,0,1,0,0,0,0
ORD200821,2024-12-14,C40771,4,174.49,259 Main St,TRK56310345,5,697.96,1,12,6.549593515989839,0,0,1,0,0,0,0,0,1,0,0,0,0,1,0,0,0,0,0,1,0,0,1,0,0,0
ORD200822,2025-03-15,C20624,1,479.56,923 Main St,TRK45123395,1,479.56,1,3,6.174952090541906,0,0,0,0,1,0,0,0,0,0,1,0,0,0,0,1,0,0,0,1,0,0,0,1,0,0
ORD200823,2024-10-07,C27070,4,653.13,973 Main St,TRK83842481,8,2612.52,1,10,7.868453250696874,0,0,1,0,0,0,0,0,1,0,0,0,0,0,0,0,1,0,0,0,1,0,0,0,1,0
ORD200824,2023-08-29,C18826,3,481.1,664 Main St,TRK12530495,3,1443.3,1,8,7.275380054107121,0,0,0,1,0,0,0,0,1,0,0,0,0,0,0,1,0,1,0,0,0,0,1,0,0,0
ORD200825,2025-03-26,C23899,5,271.69,543 Main St,TRK88914760,7,1358.45,1,3,7.2148354851689005,0,1,0,0,0,0,0,0,0,0,0,1,0,0,0,1,0,1,0,0,0,0,0,0,1,0
ORD200826,2025-03-08,C43249,3,463.81,283 Main St,TRK32469820,8,1391.43,1,3,7.238805701238075,0,0,0,0,0,1,0,0,0,0,0,1,0,0,0,1,0,0,0,0,1,1,0,0,0,0
ORD200827,2023-05-25,C95856,2,639.88,432 Main St,TRK58829625,5,1279.76,1,5,7.155208930713874,0,0,0,0,0,0,1,1,0,0,0,0,0,1,0,0,0,0,0,0,1,0,0,0,1,0
ORD200828,2024-07-24,C86266,4,404.58,510 Main St,TRK64576020,5,1618.32,1,7,7.389761587019023,1,0,0,0,0,0,0,1,0,0,0,0,0,0,0,0,1,1,0,0,0,0,0,0,1,0
ORD200829,2023-02-05,C39551,1,76.93,685 Main St,TRK68358007,6,76.93,1,2,4.355810987855469,0,0,0,1,0,0,0,0,0,1,0,0,0,1,0,0,0,0,0,0,1,0,0,0,1,0
ORD200830,2024-12-11,C90310,4,190.64,853 Main St,TRK70028457,5,762.56,1,12,6.637991707032701,0,0,0,0,0,0,1,1,0,0,0,0,0,1,0,0,0,0,0,1,0,1,0,0,0,0
ORD200831,2023-12-18,C20124,2,88.73,140 Main St,TRK61346824,5,177.46,0,12,5.184364486472005,0,0,0,0,0,1,0,0,0,0,0,1,0,0,1,0,0,0,1,0,0,0,0,1,0,0
ORD200832,2024-03-12,C63372,5,485.71,903 Main St,TRK14661811,10,2428.55,1,3,7.795461334000516,1,0,0,0,0,0,0,0,0,0,0,1,0,0,1,0,0,0,0,1,0,0,0,0,0,1
ORD200833,2025-03-14,C90595,5,78.29,508 Main St,TRK96573803,5,391.45,1,3,5.972409140572823,0,0,0,0,1,0,0,0,1,0,0,0,0,0,0,0,1,0,0,0,1,0,0,0,0,1
ORD200834,2024-04-11,C98483,5,22.14,456 Main St,TRK22084320,10,110.7,0,4,4.715816706075155,0,0,0,0,0,1,0,1,0,0,0,0,0,0,0,1,0,0,1,0,0,0,0,0,1,0
ORD200835,2024-03-26,C16429,1,679.65,390 Main St,TRK73888013,6,679.65,1,3,6.523048223958482,0,1,0,0,0,0,0,0,0,1,0,0,0,0,0,0,1,1,0,0,0,0,0,1,0,0
ORD200836,2023-02-02,C31810,1,178.44,328 Main St,TRK58725886,2,178.44,1,2,5.189840890211953,0,0,0,0,1,0,0,0,1,0,0,0,1,0,0,0,0,1,0,0,0,0,0,1,0,0
ORD200837,2025-06-14,C88029,5,655.55,282 Main St,TRK59701278,5,3277.75,0,6,8.095217531181083,1,0,0,0,0,0,0,0,0,0,0,1,0,1,0,0,0,0,1,0,0,1,0,0,0,0
ORD200838,2024-04-11,C57798,4,577.08,384 Main St,TRK68797566,8,2308.32,0,4,7.744708387885439,0,1,0,0,0,0,0,0,0,0,0,1,0,0,1,0,0,0,1,0,0,0,1,0,0,0
ORD200839,2023-08-24,C82858,3,197.97,551 Main St,TRK90618490,5,593.91,0,8,6.388410133600404,1,0,0,0,0,0,0,0,0,0,0,1,1,0,0,0,0,0,1,0,0,0,0,1,0,0
ORD200840,2024-01-14,C60699,3,411.95,672 Main St,TRK88660574,7,1235.85,1,1,7.120323103924162,1,0,0,0,0,0,0,0,1,0,0,0,0,1,0,0,0,1,0,0,0,0,0,0,0,1
ORD200841,2024-09-19,C94658,2,443.22,742 Main St,TRK51732528,5,886.44,0,9,6.788340913430404,0,0,0,0,0,1,0,0,1,0,0,0,0,1,0,0,0,0,1,0,0,0,1,0,0,0
ORD200842,2025-05-07,C78305,3,364.14,396 Main St,TRK88312618,7,1092.42,1,5,6.9970656778611975,0,0,1,0,0,0,0,0,0,0,0,1,0,0,1,0,0,0,0,0,1,0,0,0,0,1
ORD200843,2025-05-13,C43538,3,430.06,534 Main St,TRK20961563,8,1290.18,1,5,7.163311807928559,0,1,0,0,0,0,0,0,0,0,1,0,1,0,0,0,0,1,0,0,0,0,0,0,1,0
ORD200844,2024-12-04,C47486,1,320.92,883 Main St,TRK75984759,5,320.92,1,12,5.77430306747132,1,0,0,0,0,0,0,0,0,0,0,1,0,0,0,1,0,1,0,0,0,0,1,0,0,0
ORD200845,2023-10-08,C24212,3,107.36,808 Main St,TRK68894675,5,322.08,1,10,5.777899970574095,0,0,0,0,1,0,0,0,0,0,1,0,0,1,0,0,0,1,0,0,0,0,0,1,0,0
ORD200846,2024-07-04,C24765,2,359.86,646 Main St,TRK43977698,4,719.72,0,7,6.580250712343185,0,1,0,0,0,0,0,0,0,1,0,0,1,0,0,0,0,0,1,0,0,0,0,0,0,1
ORD200847,2024-11-18,C48176,4,434.23,670 Main St,TRK90560300,8,1736.92,1,11,7.4604442748464805,0,0,0,0,0,1,0,0,0,0,0,1,0,0,0,0,1,1,0,0,0,1,0,0,0,0
ORD200848,2023-01-01,C54675,2,645.85,634 Main St,TRK18049633,5,1291.7,0,1,7.164488333289902,1,0,0,0,0,0,0,0,0,0,0,1,0,0,0,0,1,0,1,0,0,0,0,0,0,1
ORD200849,2025-06-09,C16675,4,214.35,664 Main St,TRK12756945,7,857.4,1,6,6.755070191316489,0,0,0,0,0,1,0,0,0,1,0,0,1,0,0,0,0,0,0,0,1,0,0,0,0,1
ORD200850,2025-04-27,C38557,3,638.5,890 Main St,TRK14832238,4,1915.5,1,4,7.55825588482061,0,0,0,1,0,0,0,0,0,1,0,0,1,0,0,0,0,1,0,0,0,0,0,0,1,0
ORD200851,2023-12-12,C80183,1,365.57,146 Main St,TRK20814598,5,365.57,1,12,5.904189498996541,0,0,1,0,0,0,0,0,0,0,0,1,1,0,0,0,0,0,0,1,0,1,0,0,0,0
ORD200852,2024-10-24,C39530,3,568.05,618 Main St,TRK69000497,6,1704.15,1,10,7.441408362387498,0,1,0,0,0,0,0,0,0,0,1,0,0,0,1,0,0,0,0,1,0,0,0,1,0,0
ORD200853,2023-10-16,C10002,3,490.01,894 Main St,TRK94641152,4,1470.03,1,10,7.293718114683076,0,0,0,0,0,1,0,1,0,0,0,0,0,0,0,1,0,0,0,1,0,0,1,0,0,0
ORD200854,2025-06-13,C56938,3,372.6,356 Main St,TRK67735987,7,1117.8,1,6,7.020011961327804,0,0,1,0,0,0,0,0,1,0,0,0,0,1,0,0,0,0,0,0,1,0,0,0,0,1
ORD200855,2023-05-25,C41331,5,240.61,785 Main St,TRK94198179,10,1203.05,1,5,7.093446153245695,0,0,0,1,0,0,0,0,1,0,0,0,0,0,0,0,1,1,0,0,0,1,0,0,0,0
ORD200856,2024-06-03,C94698,1,586.62,871 Main St,TRK95768773,5,586.62,0,6,6.376080480480185,0,0,0,0,1,0,0,0,0,1,0,0,0,0,0,0,1,0,1,0,0,0,1,0,0,0
ORD200857,2024-03-10,C56506,3,257.84,185 Main St,TRK86808324,4,773.52,0,3,6.652243482635197,0,0,0,0,1,0,0,0,0,0,0,1,0,1,0,0,0,0,1,0,0,0,0,0,1,0
ORD200858,2023-08-20,C22167,5,435.66,891 Main St,TRK70269748,9,2178.3,0,8,7.686759003301765,0,0,0,0,0,0,1,0,0,0,0,1,0,0,1,0,0,0,1,0,0,0,1,0,0,0
ORD200859,2024-08-28,C11127,5,261.33,154 Main St,TRK73285507,5,1306.65,1,8,7.175986912112272,1,0,0,0,0,0,0,0,1,0,0,0,0,0,0,1,0,0,0,1,0,0,0,0,0,1
ORD200860,2024-01-23,C69542,1,422.54,876 Main St,TRK20746505,1,422.54,1,1,6.048647960635436,0,0,0,0,0,1,0,1,0,0,0,0,0,1,0,0,0,0,0,1,0,0,0,1,0,0
ORD200861,2023-03-19,C93276,5,330.45,230 Main St,TRK44165913,10,1652.25,1,3,7.410498326554772,0,1,0,0,0,0,0,0,0,0,1,0,0,0,0,0,1,1,0,0,0,0,0,1,0,0
ORD200862,2023-12-02,C37969,3,120.82,799 Main St,TRK69852386,5,362.46,1,12,5.895669249653115,0,1,0,0,0,0,0,0,1,0,0,0,0,0,0,0,1,0,0,1,0,0,0,0,0,1
ORD200863,2024-05-20,C98276,1,14.06,471 Main St,TRK74207282,5,14.06,1,5,2.7120422223717475,0,0,0,0,1,0,0,0,1,0,0,0,0,0,1,0,0,0,0,1,0,0,0,0,0,1
ORD200864,2023-05-03,C14240,1,491.11,592 Main St,TRK58095246,4,491.11,1,5,6.198702268738415,0,1,0,0,0,0,0,0,1,0,0,0,0,1,0,0,0,0,0,1,0,0,1,0,0,0
ORD200865,2023-04-30,C72241,4,677.37,156 Main St,TRK76270481,8,2709.48,1,4,7.904881019960755,0,0,0,1,0,0,0,1,0,0,0,0,0,0,1,0,0,0,0,1,0,0,0,1,0,0
ORD200866,2024-07-26,C39664,5,189.25,693 Main St,TRK39917741,10,946.25,1,7,6.85356304989871,0,1,0,0,0,0,0,0,0,1,0,0,1,0,0,0,0,0,0,0,1,1,0,0,0,0
ORD200867,2024-05-26,C53252,4,142.58,351 Main St,TRK65831261,4,570.32,1,5,6.3479494729944275,0,0,0,0,0,1,0,1,0,0,0,0,0,1,0,0,0,1,0,0,0,0,1,0,0,0
ORD200868,2024-06-29,C70452,4,316.32,309 Main St,TRK42985882,7,1265.28,0,6,7.143838747286191,0,0,0,1,0,0,0,0,0,1,0,0,0,1,0,0,0,0,1,0,0,0,1,0,0,0
ORD200869,2024-03-17,C29905,2,533.95,790 Main St,TRK16788127,5,1067.9,1,3,6.9743853612799,0,1,0,0,0,0,0,0,0,0,0,1,0,1,0,0,0,0,0,0,1,0,0,1,0,0
ORD200870,2025-06-01,C78725,4,470.09,541 Main St,TRK72001139,4,1880.36,1,6,7.539750198548576,0,0,0,0,1,0,0,0,0,1,0,0,0,1,0,0,0,1,0,0,0,0,0,1,0,0
ORD200871,2024-05-16,C93768,3,324.3,720 Main St,TRK22024707,8,972.9,1,5,6.881308628967154,0,0,0,0,0,0,1,0,0,1,0,0,0,0,1,0,0,1,0,0,0,1,0,0,0,0
ORD200872,2023-07-10,C59169,4,629.34,172 Main St,TRK90883858,7,2517.36,0,7,7.831363174996565,1,0,0,0,0,0,0,1,0,0,0,0,0,0,0,0,1,0,1,0,0,1,0,0,0,0
ORD200873,2024-05-12,C53488,3,136.84,448 Main St,TRK27365050,3,410.52,1,5,6.0198576216092,0,1,0,0,0,0,0,1,0,0,0,0,0,1,0,0,0,0,0,1,0,0,1,0,0,0
ORD200874,2023-10-31,C92180,2,488.9,632 Main St,TRK93315929,7,977.8,1,10,6.886327331568516,1,0,0,0,0,0,0,1,0,0,0,0,0,1,0,0,0,1,0,0,0,0,1,0,0,0
ORD200875,2023-08-03,C25918,5,133.39,203 Main St,TRK66473392,6,666.9499999999999,1,8,6.504213320435821,0,0,1,0,0,0,0,0,1,0,0,0,0,1,0,0,0,1,0,0,0,0,0,0,0,1
ORD200876,2024-06-09,C90363,5,608.91,200 Main St,TRK21534173,6,3044.55,1,6,8.021436787807179,1,0,0,0,0,0,0,0,0,0,1,0,0,0,1,0,0,0,0,1,0,0,0,1,0,0
ORD200877,2024-07-25,C43867,1,524.06,269 Main St,TRK97319127,3,524.06,1,7,6.263512541775794,0,0,0,0,0,0,1,0,0,1,0,0,0,0,1,0,0,1,0,0,0,1,0,0,0,0
ORD200878,2023-06-01,C73873,2,330.69,393 Main St,TRK56423132,5,661.38,1,6,6.49583940937851,0,1,0,0,0,0,0,0,0,0,0,1,1,0,0,0,0,0,0,1,0,0,0,1,0,0
ORD200879,2025-04-08,C56622,2,547.67,932 Main St,TRK86373987,3,1095.34,0,4,6.999732638378105,0,0,0,0,1,0,0,0,0,0,1,0,0,0,0,0,1,0,1,0,0,0,0,0,1,0
ORD200880,2025-03-12,C85074,4,233.7,506 Main St,TRK63133878,8,934.8,1,3,6.8414017784321155,0,0,1,0,0,0,0,0,0,0,0,1,0,0,0,0,1,0,0,1,0,0,1,0,0,0
ORD200881,2023-01-03,C59579,2,448.85,386 Main St,TRK48000034,6,897.7,0,1,6.800949274664328,0,0,0,0,0,0,1,0,1,0,0,0,0,0,1,0,0,0,1,0,0,0,0,0,1,0
ORD200882,2025-06-28,C43335,2,274.12,533 Main St,TRK91848650,6,548.24,1,6,6.308535504453551,0,0,0,0,1,0,0,1,0,0,0,0,0,1,0,0,0,1,0,0,0,0,0,0,0,1
ORD200883,2025-05-13,C43595,5,561.48,451 Main St,TRK25317348,9,2807.4,1,5,7.940370205143094,0,0,0,0,0,1,0,0,0,0,0,1,0,1,0,0,0,1,0,0,0,0,1,0,0,0
ORD200884,2024-05-15,C71471,1,595.54,817 Main St,TRK52137079,4,595.54,0,5,6.391146297127079,1,0,0,0,0,0,0,0,0,0,1,0,0,0,0,0,1,0,1,0,0,0,0,0,1,0
ORD200885,2024-04-07,C61090,4,515.59,387 Main St,TRK36388962,7,2062.36,1,4,7.632091000998099,0,0,1,0,0,0,0,0,1,0,0,0,0,0,0,0,1,1,0,0,0,0,0,1,0,0
ORD200886,2023-10-25,C29620,1,460.13,792 Main St,TRK22046456,1,460.13,0,10,6.133679998904951,0,0,0,0,1,0,0,0,1,0,0,0,0,0,0,1,0,0,1,0,0,0,0,1,0,0
ORD200887,2024-12-19,C67932,3,171.66,857 Main St,TRK88547534,7,514.98,0,12,6.246068005040464,1,0,0,0,0,0,0,0,0,1,0,0,0,1,0,0,0,0,1,0,0,0,0,1,0,0
ORD200888,2024-07-23,C14427,2,266.95,833 Main St,TRK58024529,3,533.9,0,7,6.282079813537204,0,0,1,0,0,0,0,0,1,0,0,0,0,0,1,0,0,0,1,0,0,0,0,0,1,0
ORD200889,2024-10-27,C36725,5,650.72,350 Main St,TRK16808790,8,3253.6,1,10,8.087824659226515,0,0,0,1,0,0,0,0,1,0,0,0,1,0,0,0,0,0,0,0,1,1,0,0,0,0
ORD200890,2023-08-11,C51921,3,439.53,943 Main St,TRK85741716,5,1318.59,0,8,7.185076361271757,0,0,1,0,0,0,0,0,0,1,0,0,0,0,1,0,0,0,1,0,0,0,0,1,0,0
ORD200891,2023-11-11,C36534,3,654.54,918 Main St,TRK38952138,7,1963.62,1,11,7.583054121378303,0,0,0,1,0,0,0,1,0,0,0,0,0,0,0,1,0,0,0,1,0,0,0,0,0,1
ORD200892,2024-06-04,C72043,1,394.53,480 Main St,TRK40896408,2,394.53,1,6,5.980226637681178,0,1,0,0,0,0,0,1,0,0,0,0,0,0,0,0,1,1,0,0,0,0,0,0,0,1
ORD200893,2023-03-21,C99533,1,678.01,696 Main St,TRK55701253,4,678.01,1,3,6.520635854990748,0,0,0,1,0,0,0,1,0,0,0,0,0,0,1,0,0,1,0,0,0,0,0,0,0,1
ORD200894,2023-05-23,C90852,3,575.01,852 Main St,TRK37551831,8,1725.03,1,5,7.453579252720595,0,0,0,0,0,0,1,0,0,0,0,1,1,0,0,0,0,0,0,0,1,0,0,0,1,0
ORD200895,2023-11-09,C81882,3,154.64,832 Main St,TRK62371264,6,463.92,1,11,6.141865347775507,1,0,0,0,0,0,0,0,0,1,0,0,0,0,1,0,0,0,0,0,1,0,1,0,0,0
ORD200896,2024-10-18,C85466,3,147.29,102 Main St,TRK66764177,3,441.87,1,10,6.093276273254561,0,1,0,0,0,0,0,0,0,0,1,0,0,0,0,0,1,1,0,0,0,0,0,1,0,0
ORD200897,2024-09-03,C87995,4,481.48,358 Main St,TRK38730545,5,1925.92,1,9,7.563678152243812,0,0,1,0,0,0,0,0,0,0,1,0,0,1,0,0,0,0,0,1,0,0,0,0,1,0
ORD200898,2025-03-05,C44619,3,158.37,742 Main St,TRK66662528,6,475.11,0,3,6.165648919970651,0,0,0,1,0,0,0,1,0,0,0,0,0,0,0,0,1,0,1,0,0,0,0,0,0,1
ORD200899,2025-04-23,C99904,2,323.37,552 Main St,TRK83843411,3,646.74,1,4,6.473489381268246,0,0,0,0,0,1,0,0,0,0,0,1,0,0,1,0,0,0,0,1,0,0,0,0,1,0
ORD200900,2025-02-07,C52342,5,73.83,991 Main St,TRK67342586,9,369.15,0,2,5.913908328889107,0,0,1,0,0,0,0,0,0,1,0,0,0,0,1,0,0,0,1,0,0,0,0,0,1,0
ORD200901,2024-04-28,C44277,1,458.63,839 Main St,TRK79321479,4,458.63,1,4,6.130421817995772,0,0,0,0,0,0,1,0,0,1,0,0,0,0,0,1,0,0,0,0,1,0,0,0,0,1
ORD200902,2024-07-13,C61162,4,180.25,813 Main St,TRK76712124,7,721.0,0,7,6.582025138892826,0,0,0,1,0,0,0,0,0,1,0,0,1,0,0,0,0,0,1,0,0,0,1,0,0,0
ORD200903,2023-05-17,C80868,3,473.49,205 Main St,TRK56186636,7,1420.47,0,5,7.2594468264012395,0,0,0,1,0,0,0,0,1,0,0,0,0,0,1,0,0,0,1,0,0,1,0,0,0,0
ORD200904,2025-02-05,C16693,4,237.43,262 Main St,TRK41146508,8,949.72,1,2,6.857219592274243,0,0,0,1,0,0,0,1,0,0,0,0,1,0,0,0,0,0,0,0,1,0,0,0,0,1
ORD200905,2023-11-23,C67818,1,442.39,101 Main St,TRK81978113,6,442.39,1,11,6.094449743928339,0,0,1,0,0,0,0,0,0,0,1,0,0,0,1,0,0,1,0,0,0,0,1,0,0,0
ORD200906,2024-09-03,C49938,1,62.12,141 Main St,TRK80175572,2,62.12,0,9,4.145037676537619,0,0,0,1,0,0,0,1,0,0,0,0,0,0,0,1,0,0,1,0,0,1,0,0,0,0
ORD200907,2024-08-04,C90898,5,298.39,583 Main St,TRK52935170,7,1491.95,1,8,7.308509307360183,0,1,0,0,0,0,0,0,0,0,1,0,1,0,0,0,0,0,0,0,1,0,0,0,0,1
ORD200908,2025-05-06,C35117,2,697.93,332 Main St,TRK27155709,2,1395.86,1,5,7.241982139489244,0,1,0,0,0,0,0,0,1,0,0,0,1,0,0,0,0,0,0,1,0,0,0,1,0,0
ORD200909,2024-05-27,C60203,2,291.85,569 Main St,TRK76525279,5,583.7,1,5,6.371098895181625,0,0,0,0,0,0,1,1,0,0,0,0,0,0,0,0,1,1,0,0,0,0,0,0,1,0
ORD200910,2024-05-31,C36174,3,308.98,348 Main St,TRK26397548,3,926.94,1,5,6.832967075523551,0,0,0,0,0,1,0,1,0,0,0,0,0,1,0,0,0,0,0,1,0,0,0,0,1,0
ORD200911,2024-08-13,C80872,5,396.86,593 Main St,TRK43967487,9,1984.3,1,8,7.593525315203033,0,1,0,0,0,0,0,1,0,0,0,0,1,0,0,0,0,0,0,1,0,0,0,0,1,0
ORD200912,2024-01-22,C67604,2,139.69,318 Main St,TRK85545920,7,279.38,1,1,5.63614582594039,0,1,0,0,0,0,0,0,0,0,0,1,0,0,0,1,0,1,0,0,0,1,0,0,0,0
ORD200913,2023-02-16,C45599,5,475.95,505 Main St,TRK62277685,8,2379.75,1,2,7.7751708430741555,0,0,0,0,0,1,0,0,1,0,0,0,0,0,0,1,0,0,0,0,1,0,1,0,0,0
ORD200914,2025-02-10,C70352,1,626.6,955 Main St,TRK51589589,4,626.6,1,2,6.441903020858877,0,1,0,0,0,0,0,0,0,0,1,0,0,0,0,1,0,0,0,0,1,0,1,0,0,0
ORD200915,2024-02-16,C20643,4,502.99,939 Main St,TRK30736692,4,2011.96,1,2,7.607361554602821,0,0,1,0,0,0,0,0,0,1,0,0,0,0,0,0,1,0,0,0,1,0,0,0,0,1
ORD200916,2024-06-21,C35669,5,578.83,165 Main St,TRK13928455,6,2894.15,0,6,7.970792202136327,0,0,0,0,0,1,0,1,0,0,0,0,0,0,0,1,0,0,1,0,0,0,0,0,0,1
ORD200917,2025-01-20,C65524,5,383.82,836 Main St,TRK19315310,7,1919.1,1,1,7.5601325469988705,0,0,1,0,0,0,0,0,1,0,0,0,0,0,0,1,0,1,0,0,0,0,0,1,0,0
ORD200918,2025-06-24,C74359,5,368.25,706 Main St,TRK18250450,5,1841.25,0,6,7.518742929647109,0,0,1,0,0,0,0,0,0,0,0,1,0,1,0,0,0,0,1,0,0,0,0,0,1,0
ORD200919,2025-02-07,C92086,2,374.6,187 Main St,TRK23357668,3,749.2,1,2,6.620339837647787,0,0,0,0,0,1,0,0,0,0,0,1,0,0,0,0,1,1,0,0,0,0,0,0,0,1
ORD200920,2025-03-12,C26137,2,428.09,978 Main St,TRK98110407,6,856.18,0,3,6.7536479315493505,0,0,0,0,0,0,1,0,1,0,0,0,0,0,0,1,0,0,1,0,0,0,0,0,1,0
ORD200921,2023-07-24,C90573,1,438.93,144 Main St,TRK90075720,3,438.93,1,7,6.086615623346915,0,0,0,0,0,0,1,0,0,0,1,0,1,0,0,0,0,0,0,1,0,0,0,0,0,1
ORD200922,2024-06-17,C81857,2,563.82,487 Main St,TRK79737732,3,1127.64,0,6,7.028768647047687,0,1,0,0,0,0,0,0,1,0,0,0,0,0,1,0,0,0,1,0,0,0,0,0,1,0
ORD200923,2023-02-11,C91582,3,649.93,836 Main St,TRK99938245,7,1949.79,1,2,7.575989697720647,0,0,0,0,0,1,0,0,1,0,0,0,0,0,1,0,0,0,0,0,1,0,1,0,0,0
ORD200924,2025-03-22,C81319,5,268.43,991 Main St,TRK55330558,5,1342.15,1,3,7.202772880532065,0,0,0,0,0,1,0,1,0,0,0,0,0,0,0,1,0,0,0,1,0,1,0,0,0,0
ORD200925,2024-12-20,C78500,5,502.47,304 Main St,TRK97460884,10,2512.35,1,12,7.8293718036116395,0,0,0,1,0,0,0,0,0,0,0,1,0,0,0,0,1,0,0,0,1,1,0,0,0,0
ORD200926,2024-03-20,C67533,1,26.95,672 Main St,TRK14566395,1,26.95,1,3,3.3304171996011083,0,1,0,0,0,0,0,1,0,0,0,0,0,1,0,0,0,0,0,0,1,1,0,0,0,0
ORD200927,2023-02-14,C35566,4,64.69,638 Main St,TRK10003020,7,258.76,1,2,5.55975812779459,0,0,1,0,0,0,0,0,0,1,0,0,0,0,0,0,1,0,0,0,1,0,0,1,0,0
ORD200928,2024-05-09,C77166,3,247.11,821 Main St,TRK18896595,3,741.33,1,5,6.60979388823342,0,0,1,0,0,0,0,0,0,1,0,0,0,0,0,1,0,0,0,0,1,0,0,0,0,1
ORD200929,2024-10-16,C67936,2,536.25,553 Main St,TRK71803414,3,1072.5,0,10,6.978679617318836,0,0,0,0,0,0,1,0,0,1,0,0,0,0,1,0,0,0,1,0,0,1,0,0,0,0
ORD200930,2024-12-16,C59554,2,456.04,382 Main St,TRK28182447,4,912.08,1,12,6.816823499976432,0,0,0,0,1,0,0,0,0,1,0,0,0,0,0,1,0,1,0,0,0,1,0,0,0,0
ORD200931,2024-01-01,C14005,2,40.23,623 Main St,TRK87567926,4,80.46,1,1,4.400112102220266,0,0,0,0,0,1,0,0,1,0,0,0,1,0,0,0,0,0,0,1,0,0,0,1,0,0
ORD200932,2023-03-26,C26118,2,72.39,168 Main St,TRK15334251,7,144.78,1,3,4.982098635954067,0,0,1,0,0,0,0,0,0,0,0,1,0,1,0,0,0,0,0,0,1,0,0,0,1,0
ORD200933,2023-01-26,C59685,2,394.16,255 Main St,TRK43718093,2,788.32,0,1,6.671171815301225,0,0,0,1,0,0,0,0,0,0,0,1,0,0,0,0,1,0,1,0,0,0,0,0,0,1
ORD200934,2025-06-01,C40304,4,119.84,692 Main St,TRK85790948,8,479.36,1,6,6.174535822792483,0,0,1,0,0,0,0,0,0,0,1,0,0,0,0,0,1,1,0,0,0,0,0,0,0,1
ORD200935,2023-11-24,C39593,3,692.71,398 Main St,TRK62405253,3,2078.13,1,11,7.6397048159656205,0,0,0,0,1,0,0,0,1,0,0,0,0,1,0,0,0,1,0,0,0,0,0,0,1,0
ORD200936,2024-01-12,C50612,4,56.66,737 Main St,TRK44140968,4,226.64,1,1,5.4277654337349235,1,0,0,0,0,0,0,0,0,0,0,1,0,1,0,0,0,0,0,1,0,0,0,0,1,0
ORD200937,2024-01-16,C39791,2,298.53,536 Main St,TRK46221436,5,597.06,1,1,6.393691083365628,1,0,0,0,0,0,0,0,0,1,0,0,1,0,0,0,0,0,0,0,1,1,0,0,0,0
ORD200938,2023-07-12,C39017,3,331.46,696 Main St,TRK91155214,6,994.38,1,7,6.9031245737974425,1,0,0,0,0,0,0,0,1,0,0,0,1,0,0,0,0,0,0,0,1,0,0,0,0,1
ORD200939,2025-04-16,C48510,2,521.4,212 Main St,TRK53152886,7,1042.8,1,4,6.9506231792093125,0,0,1,0,0,0,0,1,0,0,0,0,0,1,0,0,0,0,0,1,0,0,0,0,1,0
ORD200940,2023-03-27,C74003,4,305.32,679 Main St,TRK91525779,4,1221.28,1,3,7.108473246054241,0,0,0,0,0,1,0,0,0,0,0,1,1,0,0,0,0,0,0,1,0,0,0,1,0,0
ORD200941,2023-07-17,C91155,5,111.7,599 Main St,TRK82162952,9,558.5,1,7,6.32704352775198,0,0,0,0,0,1,0,0,1,0,0,0,1,0,0,0,0,1,0,0,0,1,0,0,0,0
ORD200942,2023-09-29,C17591,1,479.76,882 Main St,TRK56070470,1,479.76,0,9,6.175368185084588,0,0,0,0,0,0,1,0,1,0,0,0,0,0,1,0,0,0,1,0,0,1,0,0,0,0
ORD200943,2023-12-27,C43330,3,193.49,355 Main St,TRK71594838,6,580.47,1,12,6.365559379914201,0,0,0,1,0,0,0,0,0,0,1,0,0,0,0,1,0,1,0,0,0,0,1,0,0,0
ORD200944,2024-12-16,C32687,2,426.22,448 Main St,TRK98284560,7,852.44,1,12,6.74927524099365,0,0,1,0,0,0,0,0,0,0,0,1,0,1,0,0,0,0,0,0,1,0,0,1,0,0
ORD200945,2023-08-20,C79722,5,276.44,619 Main St,TRK29976438,10,1382.2,1,8,7.232154934369081,0,0,0,0,0,0,1,0,0,0,1,0,0,0,0,0,1,1,0,0,0,0,0,0,0,1
ORD200946,2024-05-04,C65021,2,404.96,546 Main St,TRK20626179,4,809.92,1,5,6.698169405599993,0,0,0,0,1,0,0,1,0,0,0,0,0,0,0,0,1,0,0,1,0,1,0,0,0,0
ORD200947,2023-09-07,C85520,4,465.66,119 Main St,TRK65994177,9,1862.64,1,9,7.5302868435457375,0,0,0,0,1,0,0,0,0,0,0,1,0,0,0,1,0,1,0,0,0,1,0,0,0,0
ORD200948,2024-06-21,C94569,2,594.07,739 Main St,TRK79269291,2,1188.14,0,6,7.0809856357643115,0,0,0,0,1,0,0,0,0,0,1,0,1,0,0,0,0,0,1,0,0,0,0,1,0,0
ORD200949,2023-11-09,C55778,5,110.38,319 Main St,TRK93797108,10,551.9,0,11,6.315177153343887,0,1,0,0,0,0,0,1,0,0,0,0,0,0,1,0,0,0,1,0,0,0,0,0,0,1
ORD200950,2024-05-31,C19722,1,596.24,891 Main St,TRK78094361,4,596.24,1,5,6.392319042658463,0,0,1,0,0,0,0,0,1,0,0,0,0,0,0,1,0,1,0,0,0,0,0,0,1,0
ORD200951,2024-07-22,C74928,2,306.24,589 Main St,TRK39845914,4,612.48,1,7,6.419147663782579,0,0,0,0,0,1,0,0,0,0,0,1,0,0,0,1,0,1,0,0,0,1,0,0,0,0
ORD200952,2025-02-27,C49111,3,503.39,225 Main St,TRK45303393,5,1510.17,0,2,7.320639464216826,0,0,0,1,0,0,0,0,0,0,0,1,0,0,1,0,0,0,1,0,0,0,1,0,0,0
ORD200953,2023-02-06,C43721,1,131.61,971 Main St,TRK89392104,2,131.61,1,2,4.887412489689508,0,0,0,0,1,0,0,1,0,0,0,0,0,0,0,0,1,1,0,0,0,0,1,0,0,0
ORD200954,2024-10-22,C68609,3,443.44,240 Main St,TRK58273778,3,1330.32,1,10,7.193926210234967,1,0,0,0,0,0,0,0,0,0,1,0,0,0,0,0,1,1,0,0,0,0,0,1,0,0
ORD200955,2023-01-23,C82068,1,408.13,164 Main St,TRK25779180,3,408.13,1,1,6.014032953950455,1,0,0,0,0,0,0,0,0,0,1,0,0,0,0,0,1,0,0,0,1,0,0,0,1,0
ORD200956,2024-04-11,C21191,2,160.98,381 Main St,TRK86246309,3,321.96,1,4,5.777528476544686,0,0,0,0,1,0,0,0,0,1,0,0,0,1,0,0,0,0,0,1,0,0,0,0,0,1
ORD200957,2023-01-12,C73575,5,643.89,851 Main St,TRK23387612,8,3219.45,1,1,8.07727638032691,0,0,0,1,0,0,0,1,0,0,0,0,0,0,0,1,0,0,0,0,1,0,1,0,0,0
ORD200958,2023-05-13,C82685,3,158.66,537 Main St,TRK70184320,7,475.98,1,5,6.167474561288134,0,1,0,0,0,0,0,0,0,0,1,0,0,1,0,0,0,0,0,0,1,1,0,0,0,0
ORD200959,2024-04-13,C73996,2,143.82,856 Main St,TRK74579570,6,287.64,1,4,5.665180236874259,0,0,0,0,0,0,1,0,1,0,0,0,0,0,0,1,0,0,0,1,0,0,0,0,1,0
ORD200960,2023-12-11,C87687,3,379.07,312 Main St,TRK60383805,3,1137.21,1,12,7.037212131932573,0,0,1,0,0,0,0,0,0,0,1,0,0,0,1,0,0,0,0,0,1,0,0,1,0,0
ORD200961,2024-11-11,C55464,1,601.36,532 Main St,TRK81178598,1,601.36,0,11,6.400855273218618,0,0,0,0,1,0,0,0,0,0,0,1,0,0,0,0,1,0,1,0,0,0,1,0,0,0
ORD200962,2024-09-06,C12459,2,142.08,838 Main St,TRK30674085,4,284.16,1,9,5.653050426249428,0,0,0,0,1,0,0,0,0,0,1,0,0,1,0,0,0,0,0,1,0,0,0,0,0,1
ORD200963,2024-03-11,C88075,5,530.34,970 Main St,TRK42832976,9,2651.7,1,3,7.883333268211163,1,0,0,0,0,0,0,0,0,0,0,1,0,0,0,0,1,1,0,0,0,0,0,1,0,0
ORD200964,2023-08-20,C18583,5,364.42,778 Main St,TRK43084595,10,1822.1,1,8,7.508293627809419,0,0,0,0,1,0,0,0,1,0,0,0,1,0,0,0,0,0,0,1,0,0,0,0,0,1
ORD200965,2025-06-18,C70412,4,578.28,791 Main St,TRK22192783,5,2313.12,1,6,7.7467847646631345,0,0,1,0,0,0,0,0,0,0,1,0,1,0,0,0,0,1,0,0,0,1,0,0,0,0
ORD200966,2025-05-20,C58503,5,280.52,290 Main St,TRK12981657,7,1402.6,1,5,7.24679564370906,0,0,0,1,0,0,0,0,1,0,0,0,1,0,0,0,0,0,0,0,1,0,1,0,0,0
ORD200967,2025-05-06,C52879,5,638.92,502 Main St,TRK67403284,5,3194.6,1,5,8.069530142607887,0,0,0,0,0,0,1,0,1,0,0,0,0,0,0,1,0,1,0,0,0,0,0,1,0,0
ORD200968,2024-02-08,C67870,4,412.2,664 Main St,TRK72602178,6,1648.8,1,2,7.408409347426631,0,0,0,1,0,0,0,0,1,0,0,0,0,0,0,0,1,0,0,0,1,0,0,0,0,1
ORD200969,2025-06-05,C19439,1,440.34,675 Main St,TRK25383993,2,440.34,1,6,6.089815553454934,0,1,0,0,0,0,0,0,0,0,1,0,0,0,0,0,1,0,0,0,1,0,1,0,0,0
ORD200970,2024-09-07,C72664,1,627.15,241 Main St,TRK86694331,5,627.15,1,9,6.442778991450427,0,1,0,0,0,0,0,1,0,0,0,0,0,1,0,0,0,0,0,1,0,0,0,0,1,0
ORD200971,2024-05-27,C32650,2,605.26,934 Main St,TRK66648743,4,1210.52,1,5,7.099631048580903,0,0,0,1,0,0,0,1,0,0,0,0,1,0,0,0,0,0,0,0,1,0,0,0,0,1
ORD200972,2024-06-09,C66438,1,90.27,816 Main St,TRK32035271,5,90.27,1,6,4.513822146528786,0,0,1,0,0,0,0,1,0,0,0,0,0,1,0,0,0,0,0,1,0,0,1,0,0,0
ORD200973,2025-06-09,C70010,5,230.77,141 Main St,TRK50594008,10,1153.85,1,6,7.051725744392169,0,1,0,0,0,0,0,0,0,0,0,1,0,0,1,0,0,0,0,0,1,0,0,0,0,1
ORD200974,2023-09-27,C30722,5,266.78,274 Main St,TRK52088168,5,1333.9,0,9,7.196611661661687,0,1,0,0,0,0,0,0,0,0,1,0,1,0,0,0,0,0,1,0,0,1,0,0,0,0
ORD200975,2023-05-18,C70529,1,105.92,974 Main St,TRK82165408,6,105.92,1,5,4.672080891270718,0,1,0,0,0,0,0,0,0,0,1,0,0,0,0,1,0,0,0,1,0,1,0,0,0,0
ORD200976,2024-04-04,C18984,3,589.3,650 Main St,TRK49298239,6,1767.9,1,4,7.4781131634494615,0,0,0,0,0,0,1,0,1,0,0,0,0,0,0,1,0,0,0,0,1,0,0,0,0,1
ORD200977,2023-01-28,C85841,4,649.47,608 Main St,TRK99820544,8,2597.88,1,1,7.862835861971086,1,0,0,0,0,0,0,1,0,0,0,0,0,0,1,0,0,0,0,1,0,0,0,1,0,0
ORD200978,2024-06-25,C41508,4,107.49,993 Main St,TRK61047536,5,429.96,0,6,6.066015278372278,0,0,0,0,0,1,0,1,0,0,0,0,0,1,0,0,0,0,1,0,0,0,0,1,0,0
ORD200979,2023-05-31,C75018,3,669.06,299 Main St,TRK51794806,7,2007.18,1,5,7.604984118228329,0,0,0,1,0,0,0,1,0,0,0,0,0,1,0,0,0,0,0,1,0,0,1,0,0,0
ORD200980,2023-10-14,C84320,3,69.65,107 Main St,TRK81093218,7,208.95,1,10,5.346869407130202,1,0,0,0,0,0,0,1,0,0,0,0,0,1,0,0,0,0,0,0,1,0,0,0,1,0
ORD200981,2023-11-26,C12609,4,136.83,490 Main St,TRK56379337,8,547.32,1,11,6.306859058126299,0,0,0,0,1,0,0,0,0,1,0,0,0,0,1,0,0,0,0,1,0,1,0,0,0,0
ORD200982,2024-09-06,C64935,1,304.11,707 Main St,TRK42969065,2,304.11,1,9,5.720672367324469,0,0,0,1,0,0,0,0,0,0,1,0,0,0,0,0,1,0,0,1,0,0,0,0,0,1
ORD200983,2024-11-24,C67528,4,296.28,110 Main St,TRK60865210,5,1185.12,1,11,7.078442754877724,0,0,0,1,0,0,0,0,0,0,1,0,0,0,0,0,1,0,0,1,0,1,0,0,0,0
ORD200984,2025-02-28,C44176,1,77.64,706 Main St,TRK68704764,1,77.64,1,2,4.364880475838911,0,1,0,0,0,0,0,0,1,0,0,0,0,0,0,0,1,1,0,0,0,0,1,0,0,0
ORD200985,2024-07-20,C92788,1,243.71,948 Main St,TRK83835361,6,243.71,1,7,5.500073835980599,0,1,0,0,0,0,0,0,0,0,1,0,0,1,0,0,0,0,0,1,0,0,0,1,0,0
ORD200986,2024-09-07,C69213,4,644.96,533 Main St,TRK67837331,7,2579.84,1,9,7.8558702063208905,0,0,1,0,0,0,0,0,1,0,0,0,0,0,1,0,0,1,0,0,0,1,0,0,0,0
ORD200987,2025-06-05,C67387,5,283.73,436 Main St,TRK54120003,8,1418.65,1,6,7.258165641341157,0,0,0,0,1,0,0,0,0,0,1,0,0,0,1,0,0,1,0,0,0,0,0,0,1,0
ORD200988,2025-02-04,C90318,2,629.56,818 Main St,TRK52765043,5,1259.12,1,2,7.138962233505902,0,1,0,0,0,0,0,0,0,0,1,0,1,0,0,0,0,0,0,0,1,0,0,0,1,0
ORD200989,2023-03-23,C49995,4,246.11,559 Main St,TRK33212013,4,984.44,1,3,6.893088241938734,0,0,1,0,0,0,0,0,1,0,0,0,0,0,1,0,0,0,0,1,0,0,0,0,1,0
ORD200990,2023-11-19,C52313,2,418.26,913 Main St,TRK67368559,2,836.52,1,11,6.7304451440110995,0,0,0,0,1,0,0,0,0,1,0,0,0,0,1,0,0,0,0,1,0,0,0,1,0,0
ORD200991,2024-05-09,C10211,5,127.18,598 Main St,TRK68938335,10,635.9000000000001,1,5,6.45661265737732,0,1,0,0,0,0,0,0,0,1,0,0,1,0,0,0,0,1,0,0,0,0,0,1,0,0
ORD200992,2024-08-27,C97907,3,586.21,933 Main St,TRK89637569,4,1758.63,1,8,7.472858838658619,0,0,0,0,0,1,0,0,0,0,1,0,0,0,1,0,0,0,0,0,1,0,0,0,0,1
ORD200993,2024-04-06,C61384,3,267.45,576 Main St,TRK33323210,5,802.3499999999999,1,4,6.688790484489344,0,0,0,1,0,0,0,0,0,0,1,0,0,1,0,0,0,0,0,0,1,0,0,0,1,0
ORD200994,2024-06-27,C27613,4,615.65,971 Main St,TRK63701318,9,2462.6,1,6,7.809378973812888,0,0,0,0,0,0,1,0,0,1,0,0,0,1,0,0,0,0,0,0,1,0,0,1,0,0
ORD200995,2023-11-18,C99271,2,113.29,959 Main St,TRK87832736,5,226.58,1,11,5.4275018249288625,0,0,0,1,0,0,0,1,0,0,0,0,0,0,1,0,0,0,0,1,0,0,1,0,0,0
ORD200996,2024-04-28,C28648,4,473.86,101 Main St,TRK92240846,7,1895.44,1,4,7.5477337234020165,0,0,0,1,0,0,0,0,0,1,0,0,0,1,0,0,0,0,0,1,0,0,1,0,0,0
ORD200997,2023-11-27,C26210,3,444.75,805 Main St,TRK40616861,6,1334.25,1,11,7.19687381921988,0,0,1,0,0,0,0,1,0,0,0,0,0,1,0,0,0,0,0,1,0,0,1,0,0,0
ORD200998,2023-05-19,C90350,2,183.67,783 Main St,TRK22824230,6,367.34,1,5,5.90900642466746,0,0,0,0,1,0,0,0,0,1,0,0,1,0,0,0,0,0,0,1,0,0,0,1,0,0
ORD200999,2023-12-24,C61957,1,483.38,652 Main St,TRK43983841,6,483.38,1,12,6.182869722634979,0,0,0,0,0,1,0,1,0,0,0,0,0,0,1,0,0,1,0,0,0,0,0,1,0,0
ORD201000,2023-06-21,C90132,5,260.93,582 Main St,TRK52664903,9,1304.65,1,6,7.174456280045176,0,0,0,0,0,1,0,0,0,0,0,1,0,1,0,0,0,0,0,1,0,1,0,0,0,0
ORD201001,2023-12-08,C31371,2,253.68,122 Main St,TRK19554327,6,507.36,0,12,6.231189858013869,0,0,0,0,0,1,0,0,0,0,1,0,0,0,0,0,1,0,1,0,0,0,0,0,0,1
ORD201002,2025-06-19,C83911,4,699.88,944 Main St,TRK33188106,5,2799.52,1,6,7.937560393206247,0,0,0,0,0,0,1,1,0,0,0,0,0,0,1,0,0,0,0,0,1,0,0,0,0,1
ORD201003,2023-01-11,C84700,5,319.97,582 Main St,TRK14706969,7,1599.85,1,1,7.378290017164549,0,0,0,0,0,1,0,1,0,0,0,0,0,0,0,0,1,0,0,1,0,0,0,1,0,0
ORD201004,2025-06-09,C87529,4,246.91,296 Main St,TRK15739505,8,987.64,1,6,6.896330261312669,1,0,0,0,0,0,0,0,0,0,0,1,0,0,1,0,0,0,0,1,0,0,0,0,0,1
ORD201005,2023-03-02,C38065,3,392.85,426 Main St,TRK11448295,6,1178.55,0,3,7.072888288792841,0,0,0,0,0,1,0,0,1,0,0,0,0,0,0,1,0,0,1,0,0,0,0,1,0,0
ORD201006,2024-05-27,C27435,5,420.98,860 Main St,TRK91458233,7,2104.9,1,5,7.652498208185733,0,0,0,0,0,0,1,1,0,0,0,0,0,1,0,0,0,0,0,1,0,0,1,0,0,0
ORD201007,2024-03-20,C46651,2,73.26,839 Main St,TRK60444502,4,146.52,1,3,4.993963759808284,0,0,0,1,0,0,0,1,0,0,0,0,0,0,1,0,0,0,0,0,1,0,1,0,0,0
ORD201008,2023-01-13,C62557,3,410.88,257 Main St,TRK12742366,8,1232.64,1,1,7.1177244277049025,0,0,0,1,0,0,0,1,0,0,0,0,0,1,0,0,0,1,0,0,0,0,0,0,1,0
ORD201009,2023-09-02,C54494,2,176.46,696 Main St,TRK95958645,2,352.92,1,9,5.8690708988939155,0,0,0,0,0,0,1,0,1,0,0,0,0,1,0,0,0,1,0,0,0,1,0,0,0,0
ORD201010,2023-03-31,C33729,3,659.57,533 Main St,TRK35649833,6,1978.71,1,3,7.590705648315122,0,0,0,1,0,0,0,0,1,0,0,0,1,0,0,0,0,0,0,1,0,1,0,0,0,0
ORD201011,2024-12-03,C47823,2,478.36,654 Main St,TRK22271097,3,956.72,0,12,6.864555459675918,0,0,0,0,1,0,0,0,0,0,0,1,0,0,0,0,1,0,1,0,0,0,0,1,0,0
ORD201012,2024-12-03,C84570,4,30.05,301 Main St,TRK12551882,6,120.2,0,12,4.797442073635214,0,0,0,0,0,1,0,0,0,0,0,1,0,0,0,1,0,0,1,0,0,0,1,0,0,0
ORD201013,2025-04-26,C91123,4,300.56,842 Main St,TRK49568409,9,1202.24,1,4,7.092773197323834,0,0,1,0,0,0,0,1,0,0,0,0,1,0,0,0,0,1,0,0,0,0,1,0,0,0
ORD201014,2024-02-04,C92548,5,226.45,160 Main St,TRK21682892,6,1132.25,1,2,7.032844889820959,0,0,0,0,0,0,1,0,0,1,0,0,0,0,0,1,0,1,0,0,0,1,0,0,0,0
ORD201015,2024-01-26,C97454,2,349.4,892 Main St,TRK73249329,2,698.8,1,1,6.550794579933587,0,0,0,0,0,1,0,0,0,0,0,1,0,0,0,0,1,0,0,1,0,0,0,0,1,0
ORD201016,2023-12-29,C20257,5,268.78,669 Main St,TRK62135578,7,1343.9,1,12,7.204074939829503,0,0,0,0,0,0,1,0,0,1,0,0,0,1,0,0,0,0,0,0,1,1,0,0,0,0
ORD201017,2024-08-25,C51694,2,680.85,953 Main St,TRK83122112,6,1361.7,1,8,7.217223304755775,1,0,0,0,0,0,0,0,0,0,1,0,0,1,0,0,0,1,0,0,0,0,0,0,0,1
ORD201018,2023-07-08,C77499,3,182.48,209 Main St,TRK20703086,3,547.4399999999999,0,7,6.3070778844884545,0,0,1,0,0,0,0,1,0,0,0,0,0,1,0,0,0,0,1,0,0,0,0,0,1,0
ORD201019,2024-04-06,C28386,1,277.09,293 Main St,TRK32954229,2,277.09,1,4,5.627944802305019,0,1,0,0,0,0,0,1,0,0,0,0,0,0,0,1,0,0,0,1,0,0,0,0,0,1
ORD201020,2024-04-22,C50211,2,26.5,312 Main St,TRK47787981,3,53.0,1,4,3.9889840465642745,0,0,0,0,0,0,1,0,0,0,0,1,0,1,0,0,0,0,0,1,0,0,0,0,1,0
ORD201021,2023-10-23,C74519,3,315.27,309 Main St,TRK97351945,4,945.81,1,10,6.853098439476744,0,0,0,0,1,0,0,0,1,0,0,0,1,0,0,0,0,0,0,1,0,1,0,0,0,0
ORD201022,2025-02-24,C19071,3,450.98,396 Main St,TRK66537096,8,1352.94,1,2,7.210774139344131,0,0,0,0,0,0,1,0,1,0,0,0,0,0,0,0,1,0,0,1,0,0,0,0,0,1
ORD201023,2024-09-23,C65251,5,233.67,291 Main St,TRK32059025,10,1168.35,0,9,7.0642033178580785,0,0,1,0,0,0,0,1,0,0,0,0,0,0,0,0,1,0,1,0,0,0,0,0,0,1
ORD201024,2024-01-29,C90612,3,367.75,731 Main St,TRK93022878,7,1103.25,1,1,7.006921650476636,1,0,0,0,0,0,0,1,0,0,0,0,0,0,1,0,0,1,0,0,0,0,1,0,0,0
ORD201025,2025-05-17,C28406,1,23.53,174 Main St,TRK98841457,2,23.53,1,5,3.199896858270398,1,0,0,0,0,0,0,0,0,0,1,0,0,1,0,0,0,1,0,0,0,0,0,0,1,0
ORD201026,2023-05-01,C55454,1,677.48,807 Main St,TRK13281370,1,677.48,1,5,6.519855002053444,0,0,0,1,0,0,0,0,0,0,0,1,0,1,0,0,0,0,0,0,1,0,1,0,0,0
ORD201027,2024-05-21,C93467,4,554.83,983 Main St,TRK77377373,6,2219.32,0,5,7.705406608622701,0,0,1,0,0,0,0,1,0,0,0,0,0,0,0,1,0,0,1,0,0,0,0,1,0,0
ORD201028,2023-02-17,C60042,4,440.31,610 Main St,TRK84651559,6,1761.24,0,2,7.474341006074117,0,1,0,0,0,0,0,1,0,0,0,0,1,0,0,0,0,0,1,0,0,0,0,0,1,0
ORD201029,2025-03-01,C44733,1,87.06,851 Main St,TRK41500198,4,87.06,1,3,4.478018400327608,0,1,0,0,0,0,0,0,1,0,0,0,0,0,0,0,1,1,0,0,0,1,0,0,0,0
ORD201030,2023-10-02,C61773,4,245.28,176 Main St,TRK12936357,6,981.12,1,10,6.889713500481372,0,0,0,0,1,0,0,0,1,0,0,0,0,1,0,0,0,0,0,0,1,1,0,0,0,0
ORD201031,2023-02-28,C59183,5,664.51,136 Main St,TRK18129706,8,3322.55,1,2,8.108788767749395,0,0,0,0,1,0,0,0,0,1,0,0,0,0,1,0,0,0,0,1,0,1,0,0,0,0
ORD201032,2023-04-20,C26188,1,618.68,990 Main St,TRK61634201,6,618.68,1,4,6.429203215766442,1,0,0,0,0,0,0,0,0,0,0,1,0,1,0,0,0,0,0,0,1,0,0,0,0,1
ORD201033,2024-12-24,C20338,1,370.85,331 Main St,TRK30654048,2,370.85,1,12,5.918490547149309,0,0,0,1,0,0,0,0,0,0,1,0,0,1,0,0,0,1,0,0,0,0,0,0,0,1
ORD201034,2024-06-16,C84524,4,517.98,766 Main St,TRK76751888,8,2071.92,1,6,7.636713520277701,0,0,0,0,0,1,0,1,0,0,0,0,1,0,0,0,0,1,0,0,0,0,1,0,0,0
ORD201035,2023-11-12,C70315,4,506.11,911 Main St,TRK97732085,5,2024.44,0,11,7.613542239888518,0,0,1,0,0,0,0,1,0,0,0,0,1,0,0,0,0,0,1,0,0,0,0,0,0,1
ORD201036,2024-05-31,C98278,3,413.83,552 Main St,TRK49684737,8,1241.49,1,5,7.124872709648658,0,0,0,0,1,0,0,0,0,0,1,0,0,0,0,0,1,0,0,1,0,0,1,0,0,0
ORD201037,2023-12-13,C32347,1,249.81,408 Main St,TRK54073964,1,249.81,1,12,5.524695680372176,0,0,0,0,0,1,0,1,0,0,0,0,0,0,1,0,0,0,0,1,0,0,0,1,0,0
ORD201038,2025-03-15,C77961,3,362.53,422 Main St,TRK28969024,5,1087.59,0,3,6.992638559847307,0,0,0,0,0,0,1,0,0,1,0,0,0,0,0,1,0,0,1,0,0,0,1,0,0,0
ORD201039,2025-06-28,C49137,2,299.23,177 Main St,TRK79362428,2,598.46,1,6,6.396029249972982,0,1,0,0,0,0,0,0,1,0,0,0,1,0,0,0,0,0,0,0,1,0,0,0,1,0
ORD201040,2023-11-15,C13169,1,536.07,932 Main St,TRK66288666,5,536.07,1,11,6.286128439831049,0,0,0,0,0,0,1,0,0,1,0,0,0,1,0,0,0,1,0,0,0,0,0,1,0,0
ORD201041,2023-02-11,C21167,4,558.9,948 Main St,TRK97737564,9,2235.6,1,2,7.712712134594088,0,0,0,1,0,0,0,0,0,0,1,0,0,0,0,0,1,0,0,0,1,0,0,1,0,0
ORD201042,2024-12-09,C59724,2,409.75,414 Main St,TRK67878272,2,819.5,1,12,6.709913910530146,0,0,0,0,0,0,1,0,0,1,0,0,0,0,0,0,1,0,0,0,1,0,1,0,0,0
ORD201043,2025-01-11,C43965,2,179.96,675 Main St,TRK94346739,5,359.92,0,1,5.8886563271263,0,0,0,0,0,0,1,0,0,0,1,0,0,0,0,0,1,0,1,0,0,0,0,0,1,0
ORD201044,2025-06-22,C63018,1,38.49,215 Main St,TRK52335337,4,38.49,1,6,3.676047475298558,0,0,0,0,0,1,0,0,1,0,0,0,0,1,0,0,0,1,0,0,0,0,0,0,0,1
ORD201045,2024-09-20,C11893,5,316.4,671 Main St,TRK72012758,7,1582.0,0,9,7.367077059881012,0,0,1,0,0,0,0,0,0,0,1,0,0,0,0,1,0,0,1,0,0,1,0,0,0,0
ORD201046,2024-10-07,C85421,3,547.15,466 Main St,TRK16524006,4,1641.45,1,10,7.403944308495112,0,0,0,0,0,0,1,0,0,0,0,1,0,0,0,0,1,0,0,0,1,0,0,0,1,0
ORD201047,2023-06-23,C81726,4,540.34,394 Main St,TRK69872994,6,2161.36,1,6,7.678955496825925,1,0,0,0,0,0,0,0,0,0,1,0,0,0,0,0,1,0,0,0,1,0,0,0,0,1
ORD201048,2024-09-09,C57601,4,73.65,889 Main St,TRK21153699,9,294.6,0,9,5.689007189074046,0,0,0,1,0,0,0,0,0,1,0,0,0,0,0,0,1,0,1,0,0,0,0,1,0,0
ORD201049,2024-07-18,C60575,5,391.86,587 Main St,TRK44468232,6,1959.3,0,7,7.580852801736379,0,1,0,0,0,0,0,0,1,0,0,0,0,0,0,0,1,0,1,0,0,0,0,0,1,0
ORD201050,2023-08-20,C70659,5,69.7,722 Main St,TRK49663597,9,348.5,0,8,5.856503561673865,0,0,1,0,0,0,0,0,0,0,0,1,0,0,0,1,0,0,1,0,0,0,0,0,1,0
ORD201051,2025-03-05,C35043,5,26.43,820 Main St,TRK65097450,5,132.15,1,3,4.891476312259941,0,0,0,1,0,0,0,0,0,0,1,0,0,0,0,0,1,1,0,0,0,0,1,0,0,0
ORD201052,2023-09-11,C12301,1,531.74,493 Main St,TRK25145796,1,531.74,1,9,6.27803350027229,0,0,0,0,0,0,1,0,0,0,0,1,0,0,0,0,1,0,0,0,1,0,0,1,0,0
ORD201053,2024-09-15,C32798,2,496.62,679 Main St,TRK37375451,2,993.24,1,9,6.9019786262046825,0,0,0,0,1,0,0,0,0,0,0,1,0,0,1,0,0,0,0,1,0,0,0,0,1,0
ORD201054,2023-11-29,C42949,1,660.66,447 Main St,TRK46415143,3,660.66,1,11,6.494751828835671,0,0,0,0,0,1,0,0,0,1,0,0,0,1,0,0,0,0,0,0,1,0,0,0,1,0
ORD201055,2023-10-23,C10787,4,274.82,932 Main St,TRK91512567,9,1099.28,1,10,7.00331997184981,0,0,0,1,0,0,0,0,0,1,0,0,0,1,0,0,0,0,0,0,1,1,0,0,0,0
ORD201056,2024-06-14,C26152,2,486.35,790 Main St,TRK49382455,6,972.7,1,6,6.8811032479847105,0,0,0,0,1,0,0,0,0,0,0,1,0,0,1,0,0,0,0,1,0,0,0,0,0,1
ORD201057,2024-09-24,C46210,3,428.88,535 Main St,TRK81611937,3,1286.64,1,9,7.160566364490436,0,0,1,0,0,0,0,0,0,1,0,0,0,0,0,0,1,0,0,0,1,0,1,0,0,0
ORD201058,2023-09-08,C32943,2,412.14,127 Main St,TRK26949106,2,824.28,1,9,6.71572272269298,0,1,0,0,0,0,0,0,1,0,0,0,0,0,0,1,0,1,0,0,0,0,0,0,1,0
ORD201059,2024-09-22,C73629,1,265.64,601 Main St,TRK11492924,3,265.64,1,9,5.585899433999484,0,1,0,0,0,0,0,0,1,0,0,0,0,0,0,1,0,0,0,0,1,0,0,0,1,0
ORD201060,2024-05-07,C38024,2,273.43,824 Main St,TRK93370912,7,546.86,1,5,6.306019779856304,0,0,0,0,0,0,1,1,0,0,0,0,0,0,0,0,1,0,0,0,1,0,0,0,0,1
ORD201061,2025-01-29,C25445,5,131.7,830 Main St,TRK12402431,8,658.5,1,1,6.491481972157369,0,0,1,0,0,0,0,1,0,0,0,0,0,0,0,0,1,1,0,0,0,0,0,1,0,0
ORD201062,2023-08-23,C13501,5,85.52,301 Main St,TRK65149372,5,427.6,0,8,6.060524083039477,1,0,0,0,0,0,0,0,0,0,1,0,1,0,0,0,0,0,1,0,0,0,1,0,0,0
ORD201063,2024-06-19,C42108,2,320.68,336 Main St,TRK58407918,5,641.36,1,6,6.46514889419329,0,1,0,0,0,0,0,0,1,0,0,0,0,0,0,0,1,1,0,0,0,0,0,0,0,1
ORD201064,2025-02-12,C32121,4,198.81,654 Main St,TRK96074264,9,795.24,1,2,6.679900647937808,0,0,1,0,0,0,0,1,0,0,0,0,0,0,0,1,0,1,0,0,0,0,0,0,0,1
ORD201065,2023-10-30,C47778,5,666.8,488 Main St,TRK79504329,7,3330.4075,1,10,8.111150166346231,0,0,0,0,0,1,0,0,0,1,0,0,0,1,0,0,0,0,0,1,0,0,0,0,0,1
ORD201066,2023-12-20,C10791,1,355.09,674 Main St,TRK20321248,5,355.09,1,12,5.875183507889987,0,1,0,0,0,0,0,0,0,1,0,0,1,0,0,0,0,0,0,1,0,0,0,0,1,0
ORD201067,2023-06-06,C78959,2,316.2,384 Main St,TRK37426359,2,632.4,0,6,6.45110213410454,0,0,0,0,1,0,0,0,0,0,0,1,0,0,0,1,0,0,1,0,0,0,0,0,1,0
ORD201068,2024-08-03,C29914,1,133.39,469 Main St,TRK22073506,2,133.39,1,8,4.900746020558973,0,0,1,0,0,0,0,0,0,1,0,0,0,0,0,0,1,0,0,1,0,0,0,0,0,1
ORD201069,2023-02-25,C70506,1,454.23,255 Main St,TRK12518384,3,454.23,0,2,6.120802785737137,0,0,0,1,0,0,0,0,0,0,1,0,0,0,0,1,0,0,1,0,0,0,1,0,0,0
ORD201070,2024-09-06,C46873,4,491.29,496 Main St,TRK10926575,6,1965.16,0,9,7.58383768091549,0,1,0,0,0,0,0,0,0,1,0,0,0,0,1,0,0,0,1,0,0,1,0,0,0,0
ORD201071,2025-06-24,C94037,2,255.14,216 Main St,TRK47536985,2,510.28,0,6,6.236917385342026,0,0,0,0,1,0,0,1,0,0,0,0,0,0,0,0,1,0,1,0,0,0,0,1,0,0
ORD201072,2023-02-26,C88644,1,392.61,977 Main St,TRK14900878,4,392.61,1,2,5.975360571359424,0,0,0,1,0,0,0,0,0,0,1,0,1,0,0,0,0,0,0,1,0,0,0,0,0,1
ORD201073,2024-10-11,C69471,4,362.06,294 Main St,TRK11107152,4,1448.24,0,10,7.278794560075284,0,0,0,0,0,0,1,0,0,1,0,0,0,0,0,1,0,0,1,0,0,0,1,0,0,0
ORD201074,2024-05-10,C21437,1,222.73,120 Main St,TRK81624772,4,222.73,0,5,5.410439967684985,0,0,0,0,1,0,0,0,0,0,0,1,0,0,0,1,0,0,1,0,0,0,0,1,0,0
ORD201075,2024-08-31,C40949,2,552.63,609 Main St,TRK43066749,7,1105.26,1,8,7.008740235829306,0,0,0,1,0,0,0,0,0,1,0,0,0,1,0,0,0,0,0,0,1,0,0,0,1,0
ORD201076,2023-05-08,C99116,4,686.61,176 Main St,TRK52711973,6,2746.44,0,5,7.918424848004746,0,0,1,0,0,0,0,1,0,0,0,0,0,0,0,0,1,0,1,0,0,0,0,0,0,1
ORD201077,2025-03-07,C57861,3,305.16,115 Main St,TRK47775217,8,915.48,1,3,6.820540244892172,0,0,0,0,0,1,0,0,1,0,0,0,1,0,0,0,0,0,0,1,0,0,0,0,0,1
ORD201078,2023-03-18,C62627,1,41.09,881 Main St,TRK90060232,4,41.09,1,3,3.7398101827824792,0,1,0,0,0,0,0,0,0,0,0,1,0,0,0,1,0,0,0,0,1,1,0,0,0,0
ORD201079,2024-06-20,C89979,5,634.0,144 Main St,TRK99055909,8,3170.0,0,6,8.061802274538348,0,0,0,0,1,0,0,0,0,0,1,0,0,1,0,0,0,0,1,0,0,1,0,0,0,0
ORD201080,2023-01-20,C70613,5,464.74,438 Main St,TRK33140293,7,2323.7,0,1,7.751346277438014,0,0,1,0,0,0,0,0,0,0,1,0,0,1,0,0,0,0,1,0,0,0,0,0,0,1
ORD201081,2023-04-21,C55636,4,425.6,494 Main St,TRK85897054,5,1702.4,1,4,7.44038153270698,0,0,0,1,0,0,0,0,1,0,0,0,0,0,1,0,0,1,0,0,0,0,0,1,0,0
ORD201082,2023-10-06,C96595,3,573.22,177 Main St,TRK59779174,5,1719.66,1,10,7.450463217135683,1,0,0,0,0,0,0,0,0,1,0,0,0,0,1,0,0,0,0,1,0,1,0,0,0,0
ORD201083,2024-07-09,C68508,1,123.28,895 Main St,TRK98960285,3,123.28,1,7,4.822537084524846,1,0,0,0,0,0,0,0,1,0,0,0,0,1,0,0,0,0,0,1,0,1,0,0,0,0
ORD201084,2023-01-08,C45175,1,70.82,128 Main St,TRK41792296,1,70.82,1,1,4.274162988797936,0,0,0,0,1,0,0,0,0,0,1,0,0,0,1,0,0,0,0,0,1,0,0,0,1,0
ORD201085,2023-05-21,C28049,2,646.69,404 Main St,TRK91426444,7,1293.38,1,5,7.165787095010567,0,0,0,0,0,1,0,0,0,1,0,0,0,0,0,0,1,0,0,0,1,0,0,0,1,0
ORD201086,2023-12-23,C46967,2,513.42,401 Main St,TRK91439791,5,1026.84,1,12,6.935214791878288,0,0,0,0,0,0,1,0,0,0,0,1,0,0,1,0,0,0,0,0,1,0,0,0,1,0
ORD201087,2025-03-23,C84134,4,693.07,530 Main St,TRK48659380,8,2772.28,1,3,7.927786014193,0,0,1,0,0,0,0,0,0,0,0,1,0,0,0,0,1,0,0,1,0,0,0,0,1,0
ORD201088,2023-11-30,C49831,3,491.43,213 Main St,TRK21232601,6,1474.29,1,11,7.296609859618165,0,1,0,0,0,0,0,0,0,0,1,0,0,0,0,0,1,0,0,0,1,0,0,0,1,0
ORD201089,2025-03-15,C13324,2,599.74,440 Main St,TRK66967997,2,1199.48,0,3,7.090476755797418,0,0,0,0,0,0,1,0,0,0,1,0,0,0,0,0,1,0,1,0,0,0,0,0,1,0
ORD201090,2023-02-25,C61225,2,650.25,996 Main St,TRK37022954,6,1300.5,0,2,7.17127272443462,0,0,0,1,0,0,0,0,0,0,1,0,0,0,0,1,0,0,1,0,0,0,0,0,1,0
ORD201091,2024-10-08,C16400,3,209.48,123 Main St,TRK57771859,4,628.4399999999999,0,10,6.444830535200694,0,0,1,0,0,0,0,0,0,1,0,0,0,0,1,0,0,0,1,0,0,1,0,0,0,0
ORD201092,2023-08-21,C38642,5,209.2,930 Main St,TRK47744396,6,1046.0,1,8,6.953684210870537,0,0,1,0,0,0,0,0,0,1,0,0,0,1,0,0,0,0,0,0,1,1,0,0,0,0
ORD201093,2023-06-09,C86773,4,197.36,557 Main St,TRK22612240,9,789.44,1,6,6.672589752440602,0,0,0,0,1,0,0,0,0,0,1,0,0,0,0,1,0,1,0,0,0,0,0,0,1,0
ORD201094,2023-06-28,C66093,4,648.91,615 Main St,TRK54950785,6,2595.64,1,6,7.861973580567572,0,0,0,0,0,1,0,0,1,0,0,0,0,0,0,0,1,0,0,1,0,0,0,0,1,0
ORD201095,2024-04-23,C33051,2,441.54,397 Main St,TRK92929755,2,883.08,1,4,6.784547556280526,0,0,0,0,1,0,0,0,0,0,0,1,0,1,0,0,0,0,0,1,0,1,0,0,0,0
ORD201096,2025-05-03,C18169,2,464.92,782 Main St,TRK49482923,2,929.84,0,5,6.83608740429078,0,0,0,0,0,0,1,0,0,1,0,0,0,0,0,1,0,0,1,0,0,0,1,0,0,0
ORD201097,2024-12-26,C81370,5,506.45,344 Main St,TRK99682998,7,2532.25,1,12,7.837258342328427,0,0,0,1,0,0,0,0,0,0,1,0,0,0,0,0,1,0,0,0,1,0,0,1,0,0
ORD201098,2023-06-17,C91103,4,255.86,155 Main St,TRK91653000,7,1023.44,0,6,6.931901400810215,0,0,0,1,0,0,0,0,1,0,0,0,0,1,0,0,0,0,1,0,0,1,0,0,0,0
ORD201099,2024-09-19,C21953,2,125.23,272 Main St,TRK60774796,3,250.46,1,9,5.5272839311650355,0,0,1,0,0,0,0,1,0,0,0,0,1,0,0,0,0,1,0,0,0,1,0,0,0,0
ORD201100,2023-08-17,C15146,5,38.11,428 Main St,TRK79790530,6,190.55,1,8,5.255148871146658,0,0,1,0,0,0,0,0,0,1,0,0,1,0,0,0,0,0,0,0,1,0,0,0,1,0
ORD201101,2025-06-08,C43546,3,161.97,904 Main St,TRK85871121,4,485.91,1,6,6.188079301075923,0,0,0,1,0,0,0,1,0,0,0,0,0,0,1,0,0,0,0,1,0,1,0,0,0,0
ORD201102,2024-06-03,C98474,4,347.17,997 Main St,TRK86192984,8,1388.68,0,6,7.236828783793668,1,0,0,0,0,0,0,0,0,1,0,0,0,0,0,0,1,0,1,0,0,0,0,0,1,0
ORD201103,2023-04-24,C90292,4,276.32,129 Main St,TRK26270357,5,1105.28,0,4,7.008758314598503,0,0,1,0,0,0,0,0,0,0,0,1,0,1,0,0,0,0,1,0,0,0,0,1,0,0
ORD201104,2024-07-25,C17075,4,314.76,850 Main St,TRK63547510,8,1259.04,0,7,7.138898745473375,0,0,0,0,0,0,1,0,0,0,0,1,0,0,0,0,1,0,1,0,0,0,0,0,1,0
ORD201105,2024-01-08,C12487,3,475.69,884 Main St,TRK23324770,3,1427.07,1,1,7.264079161305951,0,0,0,0,0,0,1,0,0,0,1,0,1,0,0,0,0,1,0,0,0,0,0,1,0,0
ORD201106,2023-03-12,C34555,1,372.8,903 Main St,TRK72859458,6,372.8,1,3,5.923720895021463,1,0,0,0,0,0,0,1,0,0,0,0,1,0,0,0,0,0,0,1,0,0,1,0,0,0
ORD201107,2025-06-30,C25110,2,63.21,282 Main St,TRK80963328,4,126.42,1,6,4.847488716688342,0,0,0,0,0,0,1,0,0,0,0,1,1,0,0,0,0,0,0,1,0,0,0,1,0,0
ORD201108,2023-03-20,C35136,1,634.94,462 Main St,TRK49753703,5,634.94,1,3,6.455104219267219,0,0,1,0,0,0,0,0,0,0,0,1,1,0,0,0,0,0,0,0,1,0,0,0,1,0
ORD201109,2024-04-08,C62277,4,77.47,474 Main St,TRK32026174,7,309.88,1,4,5.73940698562913,0,0,0,0,0,1,0,0,0,0,1,0,0,0,0,1,0,0,0,1,0,0,0,0,1,0
ORD201110,2024-02-25,C12472,3,84.31,912 Main St,TRK36103184,3,252.93,1,2,5.537058638485301,1,0,0,0,0,0,0,0,1,0,0,0,0,0,0,0,1,0,0,1,0,1,0,0,0,0
ORD201111,2023-05-06,C24047,4,234.45,362 Main St,TRK91338580,9,937.8,1,5,6.844602463976869,0,0,0,1,0,0,0,0,0,0,0,1,1,0,0,0,0,1,0,0,0,0,0,0,1,0
ORD201112,2023-10-13,C76929,1,356.81,563 Main St,TRK80694400,1,356.81,1,10,5.8800021192586875,0,1,0,0,0,0,0,0,0,0,0,1,0,1,0,0,0,0,0,0,1,0,0,0,1,0
ORD201113,2023-03-19,C52914,4,209.99,168 Main St,TRK80819053,8,839.96,0,3,6.734544096416136,0,1,0,0,0,0,0,1,0,0,0,0,0,1,0,0,0,0,1,0,0,0,0,1,0,0
ORD201114,2023-03-16,C55164,3,659.88,609 Main St,TRK79610967,3,1979.64,0,3,7.5911753037835,0,0,0,0,0,0,1,0,0,0,1,0,1,0,0,0,0,0,1,0,0,0,0,1,0,0
ORD201115,2025-06-20,C70426,2,336.32,562 Main St,TRK89687816,3,672.64,0,6,6.512695843587854,0,0,1,0,0,0,0,0,0,0,0,1,0,0,0,1,0,0,1,0,0,0,0,1,0,0
ORD201116,2023-10-14,C69149,2,531.49,562 Main St,TRK61265132,7,1062.98,1,10,6.9697718727324425,0,0,0,0,0,1,0,0,1,0,0,0,0,1,0,0,0,0,0,0,1,0,1,0,0,0
ORD201117,2024-05-20,C78684,3,588.44,858 Main St,TRK95779073,8,1765.32,1,5,7.476653565202088,1,0,0,0,0,0,0,0,0,0,1,0,0,0,0,0,1,0,0,0,1,0,0,1,0,0
ORD201118,2024-05-24,C58168,3,251.48,359 Main St,TRK99102265,4,754.4399999999999,0,5,6.627300360954814,0,0,0,0,1,0,0,0,1,0,0,0,0,0,0,1,0,0,1,0,0,1,0,0,0,0
ORD201119,2024-11-24,C99024,1,684.65,250 Main St,TRK24675988,1,684.65,1,11,6.530367293445863,0,0,1,0,0,0,0,0,1,0,0,0,0,1,0,0,0,1,0,0,0,1,0,0,0,0
ORD201120,2025-05-10,C22919,1,195.86,267 Main St,TRK82416295,3,195.86,0,5,5.282492816201065,0,0,0,0,0,0,1,0,0,0,0,1,0,0,1,0,0,0,1,0,0,0,1,0,0,0
ORD201121,2023-05-28,C98354,3,50.34,393 Main St,TRK43070888,3,151.02,1,5,5.0240120911378945,0,0,0,0,1,0,0,0,0,0,1,0,0,0,0,1,0,1,0,0,0,0,0,0,1,0
ORD201122,2023-06-07,C38840,5,678.19,766 Main St,TRK32496970,8,3330.4075,0,6,8.111150166346231,0,0,0,1,0,0,0,0,0,0,0,1,0,0,0,1,0,0,1,0,0,0,1,0,0,0
ORD201123,2023-04-14,C68936,3,554.25,843 Main St,TRK73163634,6,1662.75,1,4,7.416829369709322,0,0,0,0,0,0,1,0,0,1,0,0,0,0,0,0,1,0,0,0,1,0,0,0,0,1
ORD201124,2023-05-09,C33744,4,576.87,888 Main St,TRK40245983,5,2307.48,0,5,7.744344578275119,1,0,0,0,0,0,0,0,0,0,1,0,0,0,0,1,0,0,1,0,0,0,0,0,1,0
ORD201125,2023-10-16,C23555,4,408.36,156 Main St,TRK67210247,4,1633.44,1,10,7.399055517016953,0,1,0,0,0,0,0,0,0,0,1,0,1,0,0,0,0,1,0,0,0,0,0,0,0,1
ORD201126,2024-07-22,C34337,5,190.11,325 Main St,TRK36195559,7,950.55,1,7,6.858092233963037,0,0,0,0,1,0,0,1,0,0,0,0,0,1,0,0,0,0,0,1,0,0,0,1,0,0
ORD201127,2025-03-15,C69396,3,602.75,920 Main St,TRK33155049,6,1808.25,1,3,7.500667673746237,0,0,0,0,0,1,0,0,1,0,0,0,0,0,0,0,1,0,0,1,0,1,0,0,0,0
ORD201128,2023-08-17,C49198,3,646.79,447 Main St,TRK10883354,5,1940.37,1,8,7.571149188392686,0,0,0,1,0,0,0,1,0,0,0,0,1,0,0,0,0,0,0,0,1,0,0,1,0,0
ORD201129,2023-06-11,C43911,4,418.71,239 Main St,TRK37495481,8,1674.84,1,6,7.4240698110911225,1,0,0,0,0,0,0,1,0,0,0,0,0,0,1,0,0,1,0,0,0,0,0,0,1,0
ORD201130,2025-02-16,C24347,2,323.45,533 Main St,TRK27233265,5,646.9,1,2,6.473736363455911,0,0,1,0,0,0,0,0,1,0,0,0,0,0,0,1,0,1,0,0,0,0,0,0,1,0
ORD201131,2024-07-18,C21043,1,694.5,195 Main St,TRK41691086,3,694.5,1,7,6.544631011363498,0,0,0,0,1,0,0,0,1,0,0,0,0,0,1,0,0,0,0,0,1,0,1,0,0,0
ORD201132,2024-12-02,C58858,2,337.32,948 Main St,TRK30406357,4,674.64,1,12,6.515660389812144,1,0,0,0,0,0,0,0,1,0,0,0,1,0,0,0,0,0,0,1,0,1,0,0,0,0
ORD201133,2024-04-09,C20670,2,467.91,432 Main St,TRK76731303,5,935.82,1,4,6.84249116132974,0,0,0,0,0,1,0,0,0,0,1,0,0,0,0,1,0,0,0,0,1,0,1,0,0,0
ORD201134,2024-06-08,C90993,4,38.28,950 Main St,TRK53964711,4,153.12,1,6,5.037731519757957,0,1,0,0,0,0,0,0,0,1,0,0,1,0,0,0,0,0,0,0,1,0,1,0,0,0
ORD201135,2023-12-28,C11473,2,73.41,562 Main St,TRK97793275,2,146.82,1,12,4.995995317356741,0,0,0,0,0,1,0,0,0,0,0,1,0,0,0,0,1,0,0,1,0,0,0,1,0,0
ORD201136,2023-09-24,C71899,3,668.33,799 Main St,TRK34856025,4,2004.99,1,9,7.60389298346459,0,0,0,0,0,0,1,0,0,0,1,0,0,0,1,0,0,0,0,0,1,0,1,0,0,0
ORD201137,2024-07-29,C48577,4,410.21,841 Main St,TRK59911645,5,1640.84,1,7,7.403572843120852,0,0,0,0,0,1,0,1,0,0,0,0,0,0,1,0,0,0,0,0,1,0,0,0,1,0
ORD201138,2023-12-18,C13100,4,294.41,188 Main St,TRK55565668,4,1177.64,0,12,7.072116510399099,0,1,0,0,0,0,0,0,0,1,0,0,0,0,1,0,0,0,1,0,0,0,0,0,1,0
ORD201139,2025-03-01,C70659,3,501.82,568 Main St,TRK28290825,4,1505.46,1,3,7.317517806608165,1,0,0,0,0,0,0,0,0,0,1,0,1,0,0,0,0,1,0,0,0,1,0,0,0,0
ORD201140,2024-06-24,C49838,2,552.83,904 Main St,TRK38297718,3,1105.66,0,6,7.009101749127894,0,0,0,0,0,1,0,0,1,0,0,0,1,0,0,0,0,0,1,0,0,0,0,0,0,1
ORD201141,2025-02-16,C11998,3,498.66,382 Main St,TRK26707221,6,1495.98,0,2,7.3112050242769415,1,0,0,0,0,0,0,1,0,0,0,0,1,0,0,0,0,0,1,0,0,1,0,0,0,0
ORD201142,2024-08-23,C23405,4,695.1,484 Main St,TRK83678708,8,2780.4,0,8,7.9307096770445105,0,0,0,0,1,0,0,0,0,1,0,0,0,0,0,1,0,0,1,0,0,1,0,0,0,0
ORD201143,2023-04-03,C41132,1,381.61,114 Main St,TRK51040137,5,381.61,0,4,5.947016193622247,1,0,0,0,0,0,0,0,0,1,0,0,0,0,1,0,0,0,1,0,0,1,0,0,0,0
ORD201144,2023-02-16,C88463,5,507.94,292 Main St,TRK88749996,9,2539.7,0,2,7.840194912595663,0,1,0,0,0,0,0,0,0,0,0,1,1,0,0,0,0,0,1,0,0,0,1,0,0,0
ORD201145,2025-05-12,C28152,3,571.53,821 Main St,TRK59642814,6,1714.59,1,5,7.447512323761201,0,1,0,0,0,0,0,0,0,1,0,0,0,1,0,0,0,1,0,0,0,0,1,0,0,0
ORD201146,2024-10-03,C36383,5,421.44,286 Main St,TRK93336357,5,2107.2,1,10,7.653589781821089,0,0,0,1,0,0,0,1,0,0,0,0,0,0,1,0,0,0,0,1,0,0,0,0,1,0
ORD201147,2025-01-02,C19759,2,588.3,234 Main St,TRK22515454,2,1176.6,1,1,7.0712337479746115,1,0,0,0,0,0,0,0,0,0,0,1,0,0,1,0,0,1,0,0,0,1,0,0,0,0
ORD201148,2024-06-25,C54886,1,355.15,442 Main St,TRK66241930,2,355.15,1,6,5.875351990424363,0,0,0,0,1,0,0,1,0,0,0,0,0,0,0,1,0,0,0,1,0,1,0,0,0,0
ORD201149,2024-07-25,C27305,2,695.29,957 Main St,TRK28789916,6,1390.58,1,7,7.238195071228548,1,0,0,0,0,0,0,0,1,0,0,0,0,0,1,0,0,1,0,0,0,0,0,0,1,0
ORD201150,2023-02-20,C17921,4,302.65,119 Main St,TRK79291524,8,1210.6,1,2,7.099697079153082,0,1,0,0,0,0,0,0,1,0,0,0,1,0,0,0,0,0,0,1,0,0,0,0,0,1
ORD201151,2023-01-29,C94381,2,608.04,962 Main St,TRK69804304,4,1216.08,0,1,7.104209826242005,1,0,0,0,0,0,0,1,0,0,0,0,1,0,0,0,0,0,1,0,0,0,0,1,0,0
ORD201152,2023-11-09,C25162,2,344.18,533 Main St,TRK42183078,7,688.36,0,11,6.535763630931512,0,0,0,0,0,0,1,0,1,0,0,0,0,0,0,0,1,0,1,0,0,0,0,0,0,1
ORD201153,2024-12-16,C98317,4,696.71,276 Main St,TRK37172138,4,2786.84,0,12,7.933022381424432,0,0,0,1,0,0,0,0,0,1,0,0,0,0,0,0,1,0,1,0,0,0,0,0,1,0
ORD201154,2025-06-11,C53631,3,198.63,593 Main St,TRK67589167,8,595.89,1,6,6.391732841809271,0,0,0,1,0,0,0,1,0,0,0,0,0,0,1,0,0,0,0,1,0,0,0,0,1,0
ORD201155,2023-08-13,C41478,4,534.57,667 Main St,TRK62068126,6,2138.28,1,8,7.668224602806238,0,0,0,0,0,1,0,0,1,0,0,0,0,1,0,0,0,1,0,0,0,0,1,0,0,0
ORD201156,2023-07-19,C20512,4,690.78,980 Main St,TRK98234737,9,2763.12,0,7,7.924477599285229,0,0,1,0,0,0,0,0,1,0,0,0,0,0,0,0,1,0,1,0,0,0,0,0,0,1
ORD201157,2024-05-29,C25841,3,301.55,242 Main St,TRK21451375,5,904.65,1,5,6.808652917938925,0,0,0,1,0,0,0,0,0,1,0,0,0,1,0,0,0,1,0,0,0,0,0,1,0,0
ORD201158,2023-04-20,C82781,4,27.42,661 Main St,TRK20605418,4,109.68,1,4,4.7066431549187255,0,0,0,1,0,0,0,0,0,1,0,0,0,0,1,0,0,0,0,1,0,0,0,0,0,1
ORD201159,2024-02-23,C66112,4,466.7,874 Main St,TRK60955607,8,1866.8,0,2,7.532516546675618,0,1,0,0,0,0,0,0,0,1,0,0,0,0,0,1,0,0,1,0,0,0,0,0,1,0
ORD201160,2024-09-04,C40466,1,541.64,449 Main St,TRK70255168,5,541.64,1,9,6.296446116637824,0,1,0,0,0,0,0,0,0,1,0,0,0,0,0,0,1,0,0,1,0,1,0,0,0,0
ORD201161,2023-10-16,C32570,1,11.39,826 Main St,TRK35969968,6,11.39,1,10,2.516889695641051,0,0,0,0,1,0,0,1,0,0,0,0,1,0,0,0,0,0,0,0,1,1,0,0,0,0
ORD201162,2025-03-11,C29405,2,224.37,251 Main St,TRK33125798,3,448.74,1,3,6.108669638008687,0,0,0,0,1,0,0,0,0,1,0,0,0,1,0,0,0,0,0,0,1,0,0,0,0,1
ORD201163,2024-06-11,C30643,3,306.29,966 Main St,TRK19477485,7,918.87,1,6,6.82423235571086,0,0,1,0,0,0,0,0,1,0,0,0,0,0,0,1,0,0,0,0,1,0,0,0,1,0
ORD201164,2024-01-08,C65890,5,315.57,340 Main St,TRK64530489,6,1577.85,1,1,7.364452012909719,0,0,0,0,0,0,1,0,0,1,0,0,0,1,0,0,0,0,0,0,1,1,0,0,0,0
ORD201165,2023-07-14,C36992,3,223.79,617 Main St,TRK63460217,3,671.37,0,7,6.510808784239302,1,0,0,0,0,0,0,0,0,1,0,0,0,0,1,0,0,0,1,0,0,0,0,1,0,0
ORD201166,2023-07-31,C95568,3,324.47,971 Main St,TRK37075292,4,973.41,1,7,6.881832159628751,1,0,0,0,0,0,0,1,0,0,0,0,0,1,0,0,0,0,0,0,1,1,0,0,0,0
ORD201167,2023-10-17,C17966,2,92.87,360 Main St,TRK31169396,5,185.74,1,10,5.22971727505578,0,0,0,0,0,1,0,0,1,0,0,0,0,0,1,0,0,1,0,0,0,0,1,0,0,0
ORD201168,2023-04-08,C89559,2,331.42,297 Main St,TRK82838108,6,662.84,1,4,6.4980411565845575,0,0,1,0,0,0,0,0,1,0,0,0,0,1,0,0,0,0,0,0,1,0,0,1,0,0
ORD201169,2024-12-23,C15849,1,525.43,643 Main St,TRK26794546,2,525.43,1,12,6.266118369268647,1,0,0,0,0,0,0,1,0,0,0,0,1,0,0,0,0,0,0,1,0,0,0,0,1,0
ORD201170,2023-08-03,C94257,2,697.19,762 Main St,TRK40220743,7,1394.38,1,8,7.240922058594624,0,0,0,0,0,1,0,1,0,0,0,0,0,0,0,1,0,1,0,0,0,1,0,0,0,0
ORD201171,2023-08-28,C39911,4,518.4,699 Main St,TRK80431998,7,2073.6,1,8,7.637523642997728,0,0,0,0,1,0,0,0,1,0,0,0,0,1,0,0,0,0,0,1,0,0,1,0,0,0
ORD201172,2025-02-04,C28828,3,131.96,745 Main St,TRK32550359,8,395.88,0,2,5.983633967992794,0,1,0,0,0,0,0,0,1,0,0,0,0,0,1,0,0,0,1,0,0,0,0,0,1,0
ORD201173,2024-10-04,C82921,1,208.36,703 Main St,TRK31079911,4,208.36,1,10,5.34405525822189,0,0,0,1,0,0,0,0,0,0,0,1,0,0,0,0,1,1,0,0,0,1,0,0,0,0
ORD201174,2023-11-27,C50159,3,222.34,105 Main St,TRK53737452,5,667.02,1,11,6.5043181132082095,0,0,0,0,0,1,0,0,1,0,0,0,0,0,0,1,0,0,0,0,1,1,0,0,0,0
ORD201175,2024-09-10,C62512,3,91.74,368 Main St,TRK24139954,8,275.22,1,9,5.621197649649782,0,0,0,0,0,1,0,0,0,1,0,0,0,0,0,1,0,1,0,0,0,0,0,0,0,1
ORD201176,2023-08-13,C39260,2,213.83,374 Main St,TRK55587314,2,427.66,1,8,6.060664063908987,0,0,0,0,0,0,1,0,0,1,0,0,1,0,0,0,0,0,0,0,1,1,0,0,0,0
ORD201177,2023-04-27,C23917,1,127.55,433 Main St,TRK44434536,3,127.55,1,4,4.856317933711899,0,0,0,0,0,1,0,1,0,0,0,0,0,0,0,0,1,0,0,1,0,0,0,0,0,1
ORD201178,2024-09-08,C65107,1,70.24,456 Main St,TRK10261578,4,70.24,1,9,4.266054458421461,0,0,0,1,0,0,0,0,1,0,0,0,1,0,0,0,0,1,0,0,0,0,0,1,0,0
ORD201179,2023-01-08,C84630,5,518.55,907 Main St,TRK48054997,6,2592.75,1,1,7.860859983979008,0,0,1,0,0,0,0,0,1,0,0,0,1,0,0,0,0,0,0,0,1,0,0,0,1,0
ORD201180,2023-10-31,C42235,4,298.36,722 Main St,TRK49379882,8,1193.44,1,10,7.085432735282434,1,0,0,0,0,0,0,0,0,1,0,0,0,0,1,0,0,1,0,0,0,0,0,1,0,0
ORD201181,2023-07-27,C70246,3,158.74,293 Main St,TRK45708320,7,476.22,1,7,6.167977600493879,0,1,0,0,0,0,0,0,0,0,0,1,0,0,1,0,0,1,0,0,0,0,0,0,1,0
ORD201182,2025-06-14,C18473,2,420.29,700 Main St,TRK97834202,3,840.58,1,6,6.735281077442516,1,0,0,0,0,0,0,0,0,0,1,0,0,0,0,1,0,0,0,1,0,0,0,1,0,0
ORD201183,2023-04-05,C12607,1,281.52,460 Main St,TRK83653396,6,281.52,1,4,5.643749344540722,0,1,0,0,0,0,0,0,0,0,1,0,0,0,0,0,1,0,0,0,1,0,0,0,0,1
ORD201184,2023-09-27,C10222,1,204.08,979 Main St,TRK86297895,4,204.08,0,9,5.3234001469155,0,0,1,0,0,0,0,0,0,0,1,0,0,0,0,1,0,0,1,0,0,0,0,1,0,0
ORD201185,2024-07-08,C77344,1,343.31,777 Main St,TRK20605055,6,343.31,1,7,5.841542414360687,1,0,0,0,0,0,0,0,0,0,1,0,0,0,0,1,0,0,0,1,0,0,0,1,0,0
ORD201186,2023-11-18,C65497,1,163.32,676 Main St,TRK83702761,6,163.32,1,11,5.1018157461802485,0,0,0,1,0,0,0,1,0,0,0,0,0,0,0,0,1,0,0,0,1,0,1,0,0,0
ORD201187,2024-03-13,C26340,2,184.6,562 Main St,TRK59962703,7,369.2,1,3,5.914043400139397,0,1,0,0,0,0,0,0,0,0,1,0,0,1,0,0,0,0,0,0,1,1,0,0,0,0
ORD201188,2023-10-07,C75619,2,371.29,924 Main St,TRK23086941,5,742.58,1,10,6.611476359304838,0,0,0,0,0,1,0,0,0,0,1,0,0,0,0,0,1,0,0,0,1,0,1,0,0,0
ORD201189,2024-08-17,C96136,5,389.22,149 Main St,TRK60856682,7,1946.1,0,8,7.574096365121576,0,0,0,0,0,0,1,1,0,0,0,0,1,0,0,0,0,0,1,0,0,0,0,0,0,1
ORD201190,2025-06-08,C46886,3,616.39,754 Main St,TRK82791646,6,1849.17,1,6,7.523032805742461,0,1,0,0,0,0,0,0,1,0,0,0,0,0,0,0,1,1,0,0,0,0,0,0,1,0
ORD201191,2025-02-10,C44148,4,376.43,809 Main St,TRK67872709,5,1505.72,1,2,7.317690381761754,0,1,0,0,0,0,0,0,0,0,1,0,0,0,1,0,0,0,0,0,1,0,0,0,1,0
ORD201192,2024-02-28,C72007,3,432.85,999 Main St,TRK16240916,4,1298.55,0,2,7.169773329678402,1,0,0,0,0,0,0,0,0,0,0,1,0,0,1,0,0,0,1,0,0,0,0,0,1,0
ORD201193,2025-06-16,C45104,1,687.89,348 Main St,TRK38559816,1,687.89,1,6,6.535081606598888,0,0,0,0,0,0,1,1,0,0,0,0,0,0,0,1,0,1,0,0,0,1,0,0,0,0
ORD201194,2023-11-19,C29885,3,189.44,725 Main St,TRK62067865,4,568.3199999999999,1,11,6.344442666202425,0,0,0,0,0,1,0,1,0,0,0,0,0,0,1,0,0,1,0,0,0,1,0,0,0,0
ORD201195,2024-06-20,C21126,1,107.04,392 Main St,TRK38009181,6,107.04,1,6,4.682501528924415,0,1,0,0,0,0,0,0,1,0,0,0,1,0,0,0,0,1,0,0,0,0,0,1,0,0
ORD201196,2024-03-04,C20095,2,662.53,778 Main St,TRK69207593,5,1325.06,0,3,7.189967418590887,0,0,0,1,0,0,0,0,0,0,0,1,1,0,0,0,0,0,1,0,0,0,1,0,0,0
ORD201197,2023-07-13,C79674,2,436.84,275 Main St,TRK88039356,2,873.68,1,7,6.773858105182122,0,0,0,0,0,0,1,0,0,0,0,1,0,1,0,0,0,1,0,0,0,0,0,0,1,0
ORD201198,2024-08-22,C64753,4,262.52,509 Main St,TRK71683331,4,1050.08,1,8,6.957573485962998,1,0,0,0,0,0,0,0,0,1,0,0,1,0,0,0,0,0,0,0,1,0,0,0,1,0
ORD201199,2023-06-11,C57502,4,560.58,201 Main St,TRK51116746,6,2242.32,1,6,7.715712190416597,0,0,0,0,0,0,1,0,0,0,1,0,0,0,0,1,0,0,0,1,0,0,0,0,0,1
